samples,BC1,BC10,BC11,BC12,BC14,BC15,BC16,BC17,BC18,BC19,BC20,BC21,BC23,BC24,BC25,BC26,BC27,BC28,BC3,BC30,BC4,BC5,BC6,BC7,BC8,BC9
20,0,0,0,0,0,0,0,0,0,0,0,0.005047956,0,0,10.6557377,0,0,0,0,0,0,0,0,0,0,0
57,0.237920937,0.205846027,0.302811824,0.045263498,0.325054176,0.078864353,0.355735025,0.250237726,0.56542811,0.272405339,0.11645011,0.43412418,0.204151072,0.281392895,0.189155107,0.208401887,0.411080488,0.150476509,0.385255648,0.359629658,0.158780565,0.322407308,0.126536515,0.070060719,0.413329889,0.18734778
353,0,1.289968437,1.49963951,0,1.966994499,0,0,0.460437416,0,0.018160356,0,0,1.820347057,0.011724704,3.656998739,0,0,0.827620799,0.004756243,0,0,0.934981193,3.543022415,0,0,0
362,0,0,0,0,0,0,0,0,1.615508885,0,0.294189752,0,0,0.586235198,0,0,0,0.99481692,0,0,0,0,0,0,0,0
653,1.610541728,6.010703993,0.360490267,0,0.183363894,2.661671924,3.27853091,0,0,2.5969309,0,0.318021201,0,1.489037402,9.983186213,0.027421301,2.985004905,0,0,0,0.007939028,0.005373455,0.018076645,0.216020551,1.633944717,0
871,0,0,2.162941601,0.885871322,0,0,0,0,0.371567044,0,0.324834518,0,0,0.164145855,0,0,0,0,0,0.313719489,0,0,0,0,0,0
872,0,0,0,0,0,0,2.105566772,0,0,0,0.006128953,0.459363958,0,1.688357369,0,0,0,0,0,0,0,0,0,0,0.012916559,0
877,0,0.301907507,0.317231435,0.193986421,0.4084014,0,2.259398135,0,0.315024233,0,0.098063251,0.661282181,0,3.341540626,0,0,0,0,0,0,0,0,0,0.075899113,0.012916559,0
883,0,0,0,0,0,0,1.442169022,0,0,0,0,0.555275114,0,1.911126744,0,0,0,0,0,0,0,0,0,0,0.00645828,0
983,0.21351879,0.205846027,0,0.206918849,0,1.215825447,0.249975964,0,0,0.281485517,0.330963471,0,0,0.093797632,0,0.553910278,0,0.158836315,0.271105826,0.244854235,0,0.214938205,0.704989154,0.216020551,0.019374839,0.299756448
987,0.091508053,0,0,0.711283543,0,0,0,0.56553726,0,0,0.373866144,0,0.601111489,0,0,0,0,0.351111854,0,0,0.857415052,0.155830199,0,0.496263428,0,0.337226004
1040,0.122010737,0.247015233,0.259552992,0.045263498,0.266711119,0.085436383,0.249975964,0.150142636,0.250403877,0.145282848,0.085805344,0.242301868,0.141771578,0.234494079,0.126103405,0.159043545,0.261596674,0.183915733,0.290130797,0.321371184,0.079390283,0.247178936,0.090383225,0.040868753,0.361663653,0.162368076
1042,0.170815032,0.150953753,0.158615717,0.03233107,0.200033339,0.039432177,0.192289203,0.140133126,0.2180937,0.181603559,0.055160579,0.176678445,0.107746399,0.187595263,0.063051702,0.098716683,0.196197505,0.125397091,0.20451843,0.191292371,0.055573198,0.257925846,0.07230658,0.029191966,0.180831826,0.099918816
1104,0.006100537,0.027446137,4.643114636,1.17038474,2.300383397,0,0,0.030028527,0.096930533,1.552710433,0.919342976,2.564361434,0.056708631,3.095321843,0.021017234,0.00548426,0.009342738,0.016719612,0.485136742,0.390236437,3.048586853,0.026867276,0.090383225,0.005838393,0.025833118,0.043714482
1106,0.018301611,0,0,0.426770126,3.608934822,0,0,0.005004755,0,0.018160356,0,0.015143867,0,0.035174112,0,0.00548426,0.004671369,0,0.009512485,0.01530339,0,0,0.14461316,0.005838393,0,0.012489852
1107,0,0.027446137,1.28334535,0.472033624,0.725120853,0,0.01922892,0.005004755,0.056542811,0.426768365,0.25128708,0.78748107,0.005670863,0.867628092,0.021017234,0,0.004671369,0,0.099881094,0.137730507,0.96062242,0.005373455,0.018076645,0,0,0.018734778
1275,0.2318204,0.288184438,0.490266763,0.090526996,0.516752792,0.072292324,0.394192866,0.245232971,0.42003231,0.254244983,0.202255455,0.413932357,0.260859703,0.422089342,0.189155107,0.164527805,0.359695427,0.133756897,0.328180737,0.344326268,0.285805017,0.300913487,0.14461316,0.070060719,0.284164299,0.12489852
1276,0.170815032,0.343076712,0.519105984,0.129324281,0.575095849,0.098580442,0.442265167,0.225213953,0.484652666,0.435848543,0.159352783,0.454316002,0.260859703,0.539336382,0.294241278,0.224854667,0.462465549,0.300953018,0.494649227,0.436146606,0.277865989,0.333154218,0.14461316,0.093414292,0.40041333,0.237307188
1280,0.201317716,0.397968986,0.620043259,0.187520207,0.683447241,0.085436383,0.471108547,0.31029478,0.63812601,0.399527831,0.196126502,0.590610803,0.266530566,0.597959902,0.315258512,0.230338927,0.490493764,0.292593212,0.580261593,0.474405081,0.333439187,0.338527673,0.090383225,0.099252686,0.561870318,0.243552114
1429,0,0.343076712,0,0.006466214,0.44174029,0,1.759446207,0,0.185783522,0,0.006128953,0.459363958,0,2.215969047,0,0,0,0,0,0,0,0,0,0.087575899,0.025833118,0
1434,0,0,2.076423937,0.03233107,0,0,0.682626671,0,0,0,0.140965923,0,0,3.107046547,1.197982346,0,0.004671369,0.735662933,0.004756243,0,0,0,0.415762834,0,0.012916559,0
1653,0.201317716,0.411692054,0.605623648,0.077594568,0.625104184,0.092008412,0.336506105,0.295280516,0.468497577,0.399527831,0.177739642,0.504795558,0.232505387,0.56278579,0.231189575,0.191949106,0.443780072,0.300953018,0.504161712,0.443798301,0.261987933,0.392262225,0.198843095,0.075899113,0.387496771,0.21857241
1660,0.494143485,0.164676822,0,0.038797284,0.141690282,0,0,0.080076072,0,0.208844093,0.318705565,0.065623423,0,0.11724704,0,0.548426017,0.042042323,0.008359806,0.004756243,0.030606779,0,0.112842558,0.361532899,0.326950023,0.148540429,0.118653594
1665,0,0,0,0.077594568,0,0.788643533,0,0.115109354,0.016155089,0.054481068,0,0.600706714,0.011341726,0.11724704,0.504413619,0,0.242911197,0.526667781,0.299643282,0.658045757,0.095268339,0.064481462,0,0.180990191,0.342288814,0
1694,0.457540264,0.041169205,0,0.045263498,0.03333889,0,0,0.065061809,0,0.145282848,0.208384408,0.085815245,0,0.105522336,0.021017234,0.340024131,0.046713692,0,0,0.061213559,0,0.145083289,0.25307303,0.256889304,0.116249031,0.106163742
1705,0,0.013723068,0,0.019398642,0,0.249737119,0,0.045042791,0,0.009080178,0,0.166582534,0.022683452,0.046898816,0.336275746,0,0.05605643,0.284233406,0.156956005,0.283112709,0.04763417,0.021493821,0,0.087575899,0.161456988,0
1940,0,0,0,0.019398642,0,0.59148265,0,0.110104599,0,0.018160356,0,0.383644624,0.011341726,0.082072928,0.483396385,0,0.186854767,0.451429527,0.195005945,0.50501186,0.039695141,0.032240731,0,0.128444652,0.316455696,0
1945,0,0,0,0.051729712,0,0.571766562,0,0.130123617,0,0.018160356,0,0.358404846,0.011341726,0.105522336,0.672551492,0,0.140141075,0.426350109,0.195005945,0.543270334,0.079390283,0.059108006,0,0.180990191,0.355205373,0
2091,0.341630063,0.603815013,0.605623648,0.129324281,0.733455576,0.203732913,0.817229113,0.500475452,0.888529887,0.562971034,0.232900221,0.595658758,0.374276965,0.269668191,0.462379151,0.378413952,0.836175083,0.518307975,0.713436385,0.826383044,0.190536678,0.655561526,0.28922632,0.157636618,0.626453113,0.330981078
2094,0,0,0,0,0,0,0,0,0,0,0,0,0,6.800328292,0,0,0,0,1.170035672,0,0,0,0,0,0,0
2104,0.103709126,0.123507616,0.273972603,0,0.133355559,0.032860147,0.115373522,0.090085581,0.185783522,0.099881958,0.067418485,0.227158001,0.051037768,0.046898816,0.189155107,0.076779642,0.17284066,0.066878448,0.137931034,0.122427118,0.095268339,0.139709833,0.018076645,0.03503036,0.13562387,0.087428964
2361,0,0,0,0,0,0,0,0.005004755,0,0,0,2.569409389,0,0,0,0,0,0,0,0.933506772,1.32581772,0,0,0.005838393,0,0
2368,0,0,4.29704398,0.122858067,0,0,0,0,0,0,0.355479284,0,0,5.487161449,2.311895755,0,0,1.187092459,0,0,0,0,1.048445409,0,0,0
2378,0.707662274,0.137230685,0,0.03233107,0.166694449,0,0.00961446,0.065061809,0,0.263325161,0.453542535,0.111055023,0.005670863,0.222769375,0.021017234,0.581331578,0.079413276,0,0,0.084168643,0,0.182697474,0.596529284,0.397010743,0.200206665,0.15612315
2509,0.512445095,0.109784548,0.014419611,0.025864856,0.116686114,0,0.00961446,0.060057054,0,0.190683737,0.275802893,0.070671378,0,0.140696447,0,0.499067676,0.05605643,0,0,0.061213559,0,0.145083289,0.343456255,0.251050911,0.219581503,0.131143446
2720,0.183016105,0.123507616,0,0.161655351,0,1.012092534,0.134602442,0,0.008077544,0.272405339,0.171610689,0.005047956,0,0.152421151,0,0.290665789,0,0.167196121,0.218787158,0.168337287,0,0.161203654,0.451916124,0.105091079,0.038749677,0.199837632
2721,0.152513421,0.041169205,0,0.071128354,0,0.59148265,0.096144601,0,0,0.217924271,0.085805344,0,0,0.023449408,0,0.213886147,0,0.066878448,0.104637337,0.068865254,0,0.053734551,0.488069414,0.058383933,0.012916559,0.174857928
2759,0.286725232,0.219569096,0.014419611,0.239249919,0,1.353838065,0.355735025,0,0,0.472169255,0.373866144,0,0,0.105522336,0,0.405835253,0,0.158836315,0.31391201,0.206595761,0,0.171950564,0.596529284,0.204343765,0.064582795,0.324736152
2804,0.170815032,0,0,0.80181054,0,0,0,0.490465943,0,0,0.318705565,0,0.510377679,0,0,0,0.004671369,0.384551078,0,0,0.849476024,0.150456744,0,0.350303596,0,0.349715856
2807,0.109809663,0,0,0.743614614,0,0,0,0.445423152,0,0,0.232900221,0,0.499035953,0,0,0,0.004671369,0.35947166,0.009512485,0,0.658939346,0.241805481,0,0.361980383,0,0.362205708
2845,0.195217179,0,0,1.260911736,0,0,0,0.760722687,0,0.018160356,0.704829615,0,0.930021549,0.011724704,0,0,0.004671369,0.535027587,0,0.007651695,0.944744363,0.252552391,0,0.723960766,0,0.505839006
2848,0.152513421,0,0,0.83414161,0,0,0,0.570542015,0,0.009080178,0.490316254,0,0.538731995,0.011724704,0,0,0.004671369,0.376191272,0.004756243,0,0.754207685,0.123589468,0,0.595516114,0,0.324736152
2889,0.085407516,0,0,0.7371484,0,0,0,0.385366098,0,0,0.312576612,0,0.487694227,0.011724704,0,0,0,0.309312824,0,0,0.539853922,0.225685116,0,0.326950023,0,0.262286892
2926,0.176915569,0.027446137,0,0.232783705,0,0.82150368,0.192289203,0,0,0.263325161,0.281931846,0,0,0.093797632,0,0.32357135,0,0.125397091,0.237812128,0.145382202,0,0.102095648,0.488069414,0.175151798,0.00645828,0.262286892
3009,0.2318204,0.150953753,0,0.226317491,0,1.117245005,0.230747044,0,0,0.408608009,0.361608237,0,0,0.093797632,0,0.427772294,0,0.300953018,0.247324614,0.160685592,0,0.171950564,0.614605929,0.309434844,0.019374839,0.449634672
3011,0.091508053,0.027446137,0.014419611,0.077594568,0,0.407465825,0.144216902,0,0,0.172523381,0.11645011,0,0,0.05862352,0,0.197433366,0,0.100317673,0.052318668,0.068865254,0,0.069854917,0.28922632,0.093414292,0.00645828,0.112408668
3012,0.195217179,0.082338411,0,0.290979631,0,0.93980021,0.211518123,0,0,0.272405339,0.196126502,0,0,0.128971743,0,0.246791708,0,0.175555927,0.285374554,0.122427118,0,0.166577109,0.560375994,0.291919664,0.019374839,0.287266596
3043,0.122010737,0,0,0.86647268,0,0,0,0.560532506,0,0,0.294189752,0,0.629465805,0.011724704,0,0,0.004671369,0.342752048,0.009512485,0,0.801841855,0.225685116,0,0.542970574,0,0.474614376
3048,0.048804295,0,0,0.685418687,0,0,0,0.395375607,0,0,0.300318706,0,0.40263128,0,0,0,0.004671369,0.234074569,0,0.007651695,0.59542712,0.128962923,0,0.414525922,0,0.287266596
3106,0,0,0,0.058195926,0,0.690063091,0,0.15514739,0,0.036320712,0,0.393740535,0.028354316,0.093797632,0.630517024,0,0.186854767,0.702223708,0.375743163,0.612135588,0.095268339,0.037614186,0,0.198505371,0.432704727,0
3139,0,0,0,0.006466214,0,0.335173502,0,0.085080827,0,0.018160356,0,0.201918223,0.028354316,0.11724704,0.504413619,0,0.093427384,0.326032436,0.156956005,0.351977963,0.04763417,0.026867276,0,0.099252686,0.180831826,0
3141,0,0,0,0.025864856,0,0.749211356,0,0.180171163,0,0.009080178,0,0.540131247,0.011341726,0.152421151,0.71458596,0,0.17284066,0.610265842,0.285374554,0.627438978,0.055573198,0.118216013,0,0.262727697,0.471454405,0
3142,0,0,0,0.077594568,0,1.728443743,0,0.25524248,0,0.072641424,0,1.110550227,0.102075536,0.199319967,1.282051282,0,0.401737749,1.128573817,0.694411415,1.430866937,0.174658622,0.22031166,0,0.397010743,0.762076983,0
3172,0,0,0,0.06466214,0,0.920084122,0,0.180171163,0,0.027240534,0,0.57041898,0.034025179,0.175870559,0.882723834,0,0.326995842,0.67714429,0.342449465,0.596832198,0.04763417,0.069854917,0,0.262727697,0.464996125,0
3235,0.054904832,0.054892274,0.144196107,0.006466214,0.133355559,0.026288118,0.192289203,0.065061809,0.185783522,0.118042314,0.042902672,0.146390712,0.09073381,0.187595263,0.084068937,0.071295382,0.116784229,0.058518642,0.152199762,0.130078812,0.023817085,0.145083289,0.03615329,0.011676787,0.193748385,0.049959408
3236,0.164714495,0.301907507,0.259552992,0.03233107,0.241706951,0.052576236,0.211518123,0.15514739,0.242326333,0.190683737,0.079676391,0.212014134,0.16445503,0.351741119,0.231189575,0.120653724,0.312981735,0.200635345,0.290130797,0.198944066,0.087329311,0.268672757,0.03615329,0.058383933,0.232498063,0.131143446
3286,0.152513421,0.17839989,0.360490267,0.025864856,0.175029172,0.059148265,0.259590424,0.130123617,0.331179321,0.154363026,0.11645011,0.257445734,0.136100715,0.152421151,0.063051702,0.148075025,0.266268043,0.133756897,0.299643282,0.244854235,0.111146396,0.193444385,0.03615329,0.046707146,0.329372255,0.15612315
3287,0.158613958,0.370522849,0.201874549,0.045263498,0.208368061,0.065720294,0.211518123,0.185175917,0.331179321,0.245164805,0.104192204,0.232205957,0.096404673,0.175870559,0.084068937,0.153559285,0.308310366,0.133756897,0.228299643,0.153033897,0.127024452,0.204191295,0.07230658,0.046707146,0.219581503,0.099918816
3306,0.079306979,0.068615342,0.230713771,0.045263498,0.141690282,0.039432177,0.115373522,0.105099845,0.185783522,0.072641424,0.073547438,0.141342756,0.085062947,0.164145855,0.042034468,0.087748163,0.17284066,0.075238254,0.16646849,0.122427118,0.055573198,0.112842558,0.03615329,0.046707146,0.12916559,0.06244926
3307,0.152513421,0.260738301,0.21629416,0.03233107,0.250041674,0.059148265,0.201903663,0.160152145,0.298869144,0.245164805,0.085805344,0.26249369,0.147442441,0.340016415,0.105086171,0.191949106,0.252253936,0.175555927,0.280618312,0.23720254,0.095268339,0.274046212,0.090383225,0.01751518,0.322913976,0.099918816
3308,0.109809663,0.068615342,0.144196107,0.038797284,0.150025004,0.039432177,0.105759062,0.110104599,0.201938611,0.13620267,0.024515813,0.146390712,0.107746399,0.175870559,0.147120639,0.109685203,0.186854767,0.066878448,0.18549346,0.191292371,0.031756113,0.096722192,0.126536515,0.040868753,0.148540429,0.043714482
3339,0.054904832,0,0.389329488,0,0,0,0,0,0.161550889,0,0,0,0.277872292,0,0.35729298,0,0.065399168,0,0,0.191292371,0,0.005373455,0.14461316,0.245212518,0.238956342,0.387185412
3380,0.292825769,0.425415123,0.692141312,0.232783705,0.966827805,0.046004206,0.548024228,0.390370852,0.71082391,0.526650322,0.343221378,0.767289248,0.300555745,0.820729277,0.336275746,0.31808709,0.756761807,0.426350109,0.72294887,0.558573724,0.404890441,0.537345513,0.198843095,0.116767865,0.497287523,0.324736152
3382,0.21351879,0.370522849,0.43258832,0.06466214,0.650108351,0.059148265,0.336506105,0.195185426,0.49273021,0.281485517,0.177739642,0.429076224,0.175796756,0.398639934,0.25220681,0.126137984,0.443780072,0.217354957,0.418549346,0.382584743,0.23023182,0.338527673,0.126536515,0.040868753,0.40041333,0.193592706
3383,0.2318204,0.247015233,0.360490267,0.142256709,0.533422237,0.072292324,0.307662725,0.285271007,0.428109855,0.290565695,0.140965923,0.398788491,0.192809346,0.609684605,0.231189575,0.180980586,0.355024058,0.259153988,0.470868014,0.382584743,0.23023182,0.370768404,0.10845987,0.081737506,0.381038491,0.162368076
3490,0.091508053,0.247015233,0.302811824,0.122858067,0.641773629,0.072292324,0.298048265,0.185175917,0.428109855,0.227004449,0.147094876,0.348308935,0.170125893,0.539336382,0.084068937,0.186464846,0.383052273,0.192275539,0.290130797,0.244854235,0.293744046,0.22031166,0.18076645,0.075899113,0.297080858,0.137388372
3491,0.244021474,0.329353643,0.64888248,0.168121565,0.825137523,0.11829653,0.442265167,0.260247235,0.508885299,0.345046763,0.245158127,0.57041898,0.232505387,0.879352796,0.231189575,0.241307448,0.588592516,0.208995151,0.551724138,0.420843217,0.285805017,0.456743686,0.14461316,0.105091079,0.374580212,0.268531818
3492,0.256222548,0.343076712,0.475847152,0.122858067,0.516752792,0.085436383,0.384578406,0.230218708,0.444264943,0.263325161,0.189997548,0.398788491,0.243847114,0.38691523,0.084068937,0.197433366,0.420423226,0.242434376,0.432818074,0.382584743,0.222292791,0.317033853,0.090383225,0.046707146,0.374580212,0.212327484
3494,0.158613958,0.27446137,0.475847152,0.122858067,0.766794466,0.085436383,0.269204884,0.205194935,0.355411955,0.326886407,0.202255455,0.338213024,0.249517977,0.340016415,0.35729298,0.186464846,0.317653104,0.192275539,0.442330559,0.306067794,0.246109876,0.257925846,0.10845987,0.081737506,0.355205373,0.15612315
3518,0,0,0,0.03233107,0,0.394321767,0,0.145137881,0,0.054481068,0,0.343260979,0,0.11724704,0.315258512,0,0.126126968,0.342752048,0.180737218,0.48970847,0.039695141,0.059108006,0,0.163475012,0.180831826,0
3519,0,0,0,0.019398642,0,0.492902208,0,0.090085581,0,0.018160356,0,0.206966179,0,0.035174112,0.294241278,0,0.102770122,0.208995151,0.104637337,0.413191522,0.023817085,0.053734551,0,0.093414292,0.187290106,0
3520,0.006100537,0,0.014419611,0.025864856,0,0.545478444,0,0.150142636,0,0.009080178,0,0.343260979,0.022683452,0.105522336,0.462379151,0,0.144812445,0.376191272,0.156956005,0.397888132,0.031756113,0.032240731,0,0.163475012,0.258331181,0
3539,0.09760859,0.054892274,0,0.071128354,0,0.368033649,0.086530141,0,0,0.145282848,0.165481736,0,0,0.046898816,0,0.235823187,0,0.066878448,0.104637337,0.084168643,0,0.037614186,0.307302965,0.087575899,0.012916559,0.087428964
3540,0.183016105,0.192122959,0,0.084060782,0,0.545478444,0.153831362,0,0,0.263325161,0.153223829,0.005047956,0,0.11724704,0,0.274213009,0,0.050158836,0.171224732,0.122427118,0,0.128962923,0.32537961,0.099252686,0.025833118,0.224817336
3578,0,0,0,0.006466214,0,0.374605678,0,0.070066563,0,0,0,0.252397779,0.017012589,0.082072928,0.315258512,0,0.079413276,0.200635345,0.128418549,0.283112709,0.039695141,0.053734551,0,0.105091079,0.174373547,0
3581,0,0,0,0.025864856,0,0.565194532,0,0.075071318,0.008077544,0.036320712,0,0.333165068,0.017012589,0.11724704,0.651534258,0,0.210211613,0.376191272,0.209274673,0.50501186,0.055573198,0.059108006,0,0.128444652,0.348747094,0
3629,0.152513421,0.205846027,0.490266763,0.051729712,0.458409735,0.065720294,0.317277185,0.260247235,0.403877221,0.335966585,0.183868595,0.287733468,0.16445503,0.410364638,0.105086171,0.224854667,0.420423226,0.158836315,0.328180737,0.290764404,0.301683074,0.257925846,0.126536515,0.081737506,0.290622578,0.181102854
3636,0.103709126,0.205846027,0.273972603,0.084060782,0.266711119,0.046004206,0.182674743,0.140133126,0.177705977,0.208844093,0.104192204,0.222110045,0.096404673,0.316567007,0.147120639,0.098716683,0.22889709,0.133756897,0.199762188,0.160685592,0.119085424,0.171950564,0.03615329,0.023353573,0.193748385,0.087428964
3640,0.103709126,0.192122959,0.245133381,0.058195926,0.325054176,0.019716088,0.221132583,0.125118863,0.210016155,0.199763915,0.110321157,0.232205957,0.175796756,0.316567007,0.189155107,0.126137984,0.364366796,0.133756897,0.271105826,0.191292371,0.103207367,0.171950564,0.10845987,0.058383933,0.232498063,0.081184038
3687,0.353831137,0.439138191,0.793078587,0.226317491,0.958493082,0.170872766,0.65378329,0.375356589,0.743134087,0.49032961,0.281931846,0.706713781,0.408302144,0.551061086,0.336275746,0.31260283,0.733404961,0.300953018,0.751486326,0.681000842,0.349317244,0.494357872,0.198843095,0.099252686,0.684577629,0.299756448
3688,0.176915569,0.384245917,0.591204037,0.09699321,0.775129188,0.052576236,0.394192866,0.265251989,0.371567044,0.426768365,0.226771267,0.429076224,0.289214018,0.457263454,0.105086171,0.235823187,0.411080488,0.2758736,0.413793103,0.436146606,0.190536678,0.322407308,0.198843095,0.081737506,0.387496771,0.162368076
3690,0.146412884,0.343076712,0.21629416,0.038797284,0.325054176,0.065720294,0.326891645,0.175166408,0.323101777,0.181603559,0.140965923,0.378596668,0.204151072,0.351741119,0.147120639,0.137106504,0.298967627,0.225714763,0.304399524,0.306067794,0.222292791,0.236432026,0.162689805,0.075899113,0.238956342,0.137388372
3691,0.280624695,0.384245917,0.64888248,0.148722923,0.583430572,0.105152471,0.413421786,0.270256744,0.557350565,0.454008899,0.232900221,0.499747602,0.311897471,0.644858717,0.273224044,0.197433366,0.51385061,0.326032436,0.551724138,0.382584743,0.325500159,0.381515314,0.21691974,0.099252686,0.484370964,0.237307188
3692,0.128111274,0.17839989,0.173035328,0.090526996,0.433405568,0.085436383,0.259590424,0.165156899,0.34733441,0.236084627,0.122579063,0.277637557,0.136100715,0.328291711,0.105086171,0.104200943,0.331667212,0.183915733,0.256837099,0.23720254,0.103207367,0.171950564,0.14461316,0.040868753,0.238956342,0.118653594
3727,0.2318204,0.329353643,0.389329488,0.06466214,0.308384731,0.098580442,0.288433804,0.260247235,0.452342488,0.254244983,0.11645011,0.328117113,0.249517977,0.140696447,0.294241278,0.290665789,0.429765964,0.250794182,0.342449465,0.351977963,0.174658622,0.370768404,0.162689805,0.070060719,0.316455696,0.143633298
3728,0.689360664,1.029230136,1.268925739,0.148722923,1.366894482,0.315457413,1.384482261,0.815774986,1.542810985,0.799055661,0.496445207,1.317516406,0.793920835,0.468988158,0.672551492,0.778764945,1.406082123,0.702223708,1.231866825,1.186012702,0.579549063,0.977968834,0.379609544,0.297758057,1.162490313,0.612002748
3730,0.146412884,0.233292164,0.245133381,0.03233107,0.183363894,0.019716088,0.221132583,0.115109354,0.274636511,0.236084627,0.073547438,0.302877335,0.141771578,0.082072928,0.063051702,0.098716683,0.270939412,0.167196121,0.133174792,0.206595761,0.127024452,0.182697474,0.07230658,0.058383933,0.277706019,0.112408668
3764,0.439238653,0.768491835,0.547945205,0.09699321,0.658443074,0.092008412,0.740313431,0.595565787,0.630048465,0.71733406,0.239029174,0.807672892,0.374276965,0.539336382,0.35729298,0.30163431,0.789461391,0.443069721,0.675386445,0.681000842,0.317561131,0.521225148,0.21691974,0.151798225,0.561870318,0.28102167
3765,0.372132748,0.741045698,0.576784427,0.077594568,0.775129188,0.151156677,0.692241131,0.470446925,0.864297254,0.62653228,0.226771267,0.817768804,0.340251786,0.597959902,0.315258512,0.285181529,0.742747699,0.376191272,0.627824019,0.550922029,0.317561131,0.660934981,0.32537961,0.151798225,0.749160424,0.299756448
3767,0.701561737,1.276245368,1.023792358,0.206918849,1.058509752,0.328601472,1.211421979,0.880836795,1.55088853,0.889857441,0.478058348,1.403331651,0.731541341,1.266268027,0.735603195,0.756827904,1.415424861,0.902859054,1.474435196,1.201316092,0.468402668,1.101558302,0.451916124,0.297758057,1.259364505,0.618247674
3857,0.335529527,0.562645808,0.793078587,0.122858067,0.800133356,0.210304942,0.63455437,0.495470697,1.098546042,0.58113139,0.330963471,0.827864715,0.499035953,0.105522336,0.525430853,0.433256554,0.929602466,0.443069721,0.770511296,0.719259316,0.3651953,0.660934981,0.21691974,0.140121439,0.774993542,0.393430338
3860,0.689360664,1.276245368,1.038211968,0.213385063,1.32522087,0.276025237,1.028747236,0.735698914,1.413570275,0.898937619,0.343221378,1.211509339,0.595440626,0.316567007,0.71458596,0.553910278,1.293969262,0.660424678,1.112960761,0.994720331,0.484280724,1.00483611,0.234996385,0.216020551,0.975200207,0.574533192
3903,0.1159102,0.068615342,0,0.116391853,0,0.604626709,0.105759062,0,0,0.208844093,0.13483697,0.005047956,0,0.093797632,0,0.197433366,0,0.108677479,0.142687277,0.114775423,0,0.102095648,0.433839479,0.128444652,0.012916559,0.224817336
3905,0.140312347,0.027446137,0,0.103459425,0,0.624342797,0.182674743,0,0.008077544,0.172523381,0.122579063,0.005047956,0,0.070348224,0,0.246791708,0,0.058518642,0.099881094,0.114775423,0,0.112842558,0.361532899,0.175151798,0.025833118,0.212327484
3931,0.085407516,0,0,0.491432266,0,0,0,0.425404134,0,0,0.220642314,0,0.379947828,0.011724704,0,0,0.004671369,0.250794182,0,0,0.492219752,0.134336378,0,0.367818776,0,0.262286892
3932,0.042703758,0,0,0.349175558,0,0,0,0.25524248,0,0,0.128708017,0,0.187138482,0,0,0,0,0.133756897,0,0,0.222292791,0.096722192,0,0.221858944,0,0.143633298
3964,0.652757443,0.192122959,0,0.025864856,0.258376396,0,0.00961446,0.10009509,0,0.217924271,0.441284629,0.126198889,0,0.199319967,0,0.871997368,0.088756014,0,0,0.01530339,0,0.274046212,0.469992769,0.531293788,0.290622578,0.293511522
3965,1.00658858,0.17839989,0,0.058195926,0.225037506,0,0.00961446,0.135128372,0,0.290565695,0.704829615,0.227158001,0,0.269668191,0.021017234,1.310738181,0.140141075,0,0.009512485,0.01530339,0,0.370768404,0.759219089,0.65973844,0.303539137,0.287266596
4009,0,5.118704542,0,0,0,0,0,0.72068465,0,4.467447562,0,0,0,0,0,0,0,0,0,0,1.357573833,0,0,0,0,0
4010,0.933382138,0.17839989,0.014419611,0.03233107,0.233372229,0,0.02884338,0.10009509,0.008077544,0.245164805,0.453542535,0.166582534,0,0.257943487,0,0.95426127,0.088756014,0,0.009512485,0.160685592,0,0.241805481,0.542299349,0.507940215,0.290622578,0.231062262
4013,0.738164959,0.137230685,0,0.038797284,0.141690282,0,0.00961446,0.0550523,0,0.199763915,0.398381956,0.141342756,0,0.164145855,0,0.800701985,0.088756014,0,0.004756243,0.122427118,0,0.284793122,0.542299349,0.35614199,0.258331181,0.193592706
4068,0,0,3.201153569,0.116391853,0,0,0.865301413,0,0,0,0.226771267,0,0,3.869152304,1.492223623,0,0,0.794181575,0.009512485,0,0,0.005373455,0.524222704,0,0,0
4072,1.098096633,0.27446137,0,0.045263498,0.183363894,0,0.01922892,0.110104599,0.008077544,0.317806229,0.619024271,0.141342756,0,0.269668191,0,0.94877701,0.116784229,0,0,0.175988982,0,0.274046212,0.650759219,0.583839327,0.381038491,0.28102167
4170,0.317227916,0.082338411,0,0.012932428,0.108351392,0,0,0.040038036,0,0.04540089,0.183868595,0.040383645,0,0.070348224,0,0.433256554,0.046713692,0,0,0.007651695,0,0.091348737,0.18076645,0.134283045,0.090415913,0.081184038
4171,0.500244021,0.164676822,0.014419611,0.045263498,0.141690282,0,0.02884338,0.10009509,0.016155089,0.154363026,0.40451091,0.131246845,0,0.187595263,0,0.745859384,0.042042323,0,0.014268728,0.007651695,0,0.177324019,0.433839479,0.397010743,0.193748385,0.162368076
4198,0.854075159,0.164676822,0,0.06466214,0.183363894,0,0.02884338,0.085080827,0,0.281485517,0.545476833,0.186774356,0,0.164145855,0,0.987166831,0.084084645,0,0.009512485,0,0,0.22031166,0.596529284,0.618869687,0.329372255,0.24979704
4201,0.353831137,0.027446137,0.014419611,0.03233107,0.025004167,0,0,0.075071318,0.008077544,0.081721602,0.214513361,0.060575467,0,0.105522336,0,0.416803773,0.028028215,0,0,0,0,0.145083289,0.361532899,0.239374124,0.167915267,0.09367389
4276,1.543435822,1.125291615,0.014419611,1.319107662,0,7.413249211,1.596000385,0,0.008077544,2.469808408,1.826428046,0.005047956,0.005670863,0.996599836,0.021017234,2.934079193,0.004671369,1.462966059,1.512485137,1.362001683,0,1.085437937,4.898770788,1.500467071,0.154998708,1.873477799
4278,0.2318204,0.219569096,0.014419611,0.200452635,0,0.985804416,0.173060283,0,0,0.408608009,0.196126502,0,0,0.05862352,0.021017234,0.334539871,0,0.167196121,0.223543401,0.214247456,0,0.150456744,0.542299349,0.163475012,0.038749677,0.24979704
4280,0.207418253,0.096061479,0,0.161655351,0,0.834647739,0.124987982,0,0,0.308726051,0.196126502,0,0,0.05862352,0,0.32357135,0,0.125397091,0.195005945,0.191292371,0,0.075228372,0.379609544,0.227697338,0.019374839,0.224817336
4306,0.146412884,0.192122959,0,0.213385063,0,0.913512093,0.173060283,0,0.008077544,0.335966585,0.324834518,0,0,0.11724704,0,0.361961171,0.004671369,0.125397091,0.275862069,0.26780932,0,0.112842558,0.632682574,0.198505371,0.00645828,0.306001374
4359,0.311127379,0.123507616,0.014419611,0.252182347,0,1.235541535,0.288433804,0,0,0.308726051,0.355479284,0.005047956,0,0.093797632,0,0.471646375,0,0.259153988,0.385255648,0.26780932,0,0.177324019,0.723065799,0.227697338,0.019374839,0.362205708
4360,0.494143485,0.205846027,0.014419611,0.349175558,0,1.827024185,0.326891645,0,0,0.562971034,0.465800441,0,0,0.175870559,0,0.63617418,0,0.401270691,0.475624257,0.290764404,0,0.322407308,1.301518438,0.391172349,0.058124516,0.587023044
4362,0.512445095,0.480307397,0,0.569026835,0,2.740536278,0.615325449,0,0,0.817216017,0.600637411,0,0,0.246218783,0,1.058462213,0.004671369,0.518307975,0.585017836,0.53561864,0,0.40838259,1.807664497,0.513778608,0.096874193,0.674452008
4396,0.378233285,0.137230685,0.014419611,0.213385063,0,1.41955836,0.230747044,0,0,0.499409788,0.343221378,0,0,0.152421151,0,0.586815839,0,0.217354957,0.290130797,0.221899151,0,0.225685116,0.795372379,0.251050911,0.038749677,0.393430338
4397,0.109809663,0.137230685,0,0.142256709,0,0.598054679,0.134602442,0,0,0.190683737,0.183868595,0,0,0.105522336,0,0.241307448,0,0.100317673,0.156956005,0.099472033,0,0.096722192,0.361532899,0.110929472,0.00645828,0.212327484
4419,0.170815032,0,0,1.105722599,0,0,0,0.730694159,0,0,0.441284629,0,0.827946013,0,0,0,0.004671369,0.392910884,0.004756243,0,1.111463957,0.241805481,0,0.700607193,0,0.537063636
4420,0.164714495,0,0,1.57129001,0,0,0,1.096041239,0,0.018160356,0.643540083,0,1.173868663,0.011724704,0,0,0,0.643705066,0.014268728,0,1.206732296,0.317033853,0,0.834890238,0,0.643227378
4422,0.067105905,0,0,0.549628193,0,0,0,0.265251989,0,0,0.220642314,0,0.283543155,0,0,0,0.009342738,0.167196121,0,0,0.41282947,0.102095648,0,0.239374124,0,0.206082558
4440,0.1159102,0,0,1.157452312,0,0,0,0.610580051,0,0.009080178,0.459671488,0,0.629465805,0,0,0,0,0.451429527,0.004756243,0,0.96062242,0.193444385,0,0.653900047,0,0.518328858
4441,1.348218643,0,0,10.44293566,0,0.006572029,0,6.62629498,0,0.054481068,4.854130914,0,6.997845072,0.035174112,0,0,0.046713692,4.338739341,0.014268728,0,9.344236265,2.332079527,0,5.949322746,0.00645828,4.440142384
4442,0.067105905,0,0,0.375040414,0,0,0,0.340323307,0,0,0.183868595,0,0.351593513,0,0,0,0.004671369,0.225714763,0,0,0.309622102,0.123589468,0,0.274404484,0,0.287266596
4443,0.158613958,0,0,1.228580666,0,0,0,0.725689405,0,0.018160356,0.514832067,0,0.754224793,0,0,0,0.004671369,0.501588363,0,0,1.238488409,0.236432026,0,0.764829519,0,0.49959408
4444,0.042703758,0,0,0.33624313,0,0,0,0.330313798,0,0,0.208384408,0,0.277872292,0,0,0,0.004671369,0.217354957,0,0,0.357256272,0.112842558,0,0.297758057,0,0.199837632
4502,0.103709126,0,0,0.588425477,0,0,0,0.370351834,0,0,0.257416033,0,0.41964387,0,0,0,0,0.242434376,0,0.007651695,0.452524611,0.128962923,0,0.332788417,0,0.243552114
4503,0.134211811,0,0,0.911736178,0,0,0,0.670637105,0,0.009080178,0.612895317,0,0.708857888,0,0,0,0,0.401270691,0,0,0.849476024,0.193444385,0,0.583839327,0,0.380940486
4559,0.195217179,0,0,1.416100873,0,0,0,0.895851059,0,0.009080178,0.594508458,0,0.776908245,0,0,0,0.004671369,0.551747199,0.004756243,0,1.008256589,0.214938205,0,0.817375058,0.00645828,0.587023044
4560,0.189116642,0,0,1.758810217,0,0,0,1.216155348,0,0.018160356,0.851924491,0,1.066122264,0,0,0,0.004671369,0.752382545,0,0,1.516354398,0.40838259,0,0.992526857,0,0.84306501
4561,0.09760859,0,0,0.588425477,0,0,0,0.370351834,0,0,0.208384408,0,0.425314733,0,0,0,0,0.250794182,0.004756243,0,0.635122261,0.171950564,0,0.35614199,0,0.237307188
4595,0.103709126,0,0,0.892337536,0,0,0,0.495470697,0,0,0.300318706,0,0.334580923,0,0,0,0,0.35947166,0,0,0.500158781,0.150456744,0,0.420364316,0,0.231062262
4596,0.09760859,0,0,0.969932105,0,0,0,0.695660878,0,0,0.416768816,0,0.487694227,0,0,0,0.004671369,0.250794182,0.004756243,0,0.722451572,0.182697474,0,0.560485754,0,0.324736152
4597,0.091508053,0,0,0.691884901,0,0,0,0.470446925,0,0,0.245158127,0,0.413973007,0,0,0,0.004671369,0.259153988,0,0,0.396951413,0.096722192,0,0.256889304,0,0.212327484
4623,0.128111274,0,0,1.105722599,0,0,0,0.660627596,0,0,0.759990194,0,0.606782352,0,0,0,0,0.309312824,0,0.007651695,0.984439505,0.19881784,0,0.700607193,0,0.362205708
4624,0.079306979,0,0,0.691884901,0,0,0,0.390370852,0,0,0.576121598,0,0.550073721,0,0,0,0.004671369,0.376191272,0.004756243,0,0.698634487,0.145083289,0,0.525455395,0,0.362205708
4626,0.109809663,0,0,0.750080828,0,0,0,0.445423152,0,0.018160356,0.343221378,0,0.465010775,0.011724704,0,0,0,0.250794182,0.004756243,0,0.690695459,0.150456744,0,0.402849136,0.00645828,0.274776744
4649,0.164714495,0.164676822,0,0.168121565,0,0.874079916,0.201903663,0,0.008077544,0.299645873,0.288060799,0,0,0.093797632,0,0.263244488,0,0.183915733,0.223543401,0.175988982,0,0.102095648,0.397686189,0.221858944,0.019374839,0.268531818
4650,0.146412884,0.082338411,0,0.084060782,0,0.683491062,0.173060283,0.005004755,0,0.154363026,0.208384408,0,0,0.070348224,0,0.235823187,0,0.091957867,0.190249703,0.068865254,0,0.080601827,0.21691974,0.151798225,0.038749677,0.174857928
4668,0.164714495,0.123507616,0,0.109925639,0,0.722923239,0.086530141,0,0,0.263325161,0.177739642,0,0,0.05862352,0,0.235823187,0,0.183915733,0.180737218,0.099472033,0,0.134336378,0.361532899,0.157636618,0.045207957,0.287266596
4669,0.207418253,0.123507616,0,0.103459425,0,0.70320715,0.115373522,0,0,0.227004449,0.153223829,0,0,0.070348224,0,0.30711857,0,0.125397091,0.18549346,0.137730507,0,0.069854917,0.32537961,0.070060719,0.025833118,0.162368076
4686,0,0.576368876,0.43258832,0,0.85014169,0,0,0.175166408,0,0,0,0,0.640807531,0,1.176965111,0,0,0.35947166,0,0,0,0.445996776,0.976138829,0,0,0
4689,0,0.411692054,0.346070656,0,0.558426404,0,0,0.140133126,0,0,0,0.005047956,0.521719406,0,0.945775536,0,0,0.234074569,0,0,0,0.327780763,0.686912509,0,0,0
4710,0.109809663,0.082338411,0,0.09699321,0,0.400893796,0.076915681,0,0,0.163443203,0.159352783,0,0,0.046898816,0,0.186464846,0,0.091957867,0.090368609,0.084168643,0,0.080601827,0.198843095,0.122606259,0,0.09367389
4711,0.140312347,0.068615342,0.014419611,0.058195926,0,0.381177708,0.153831362,0,0,0.199763915,0.128708017,0,0,0.05862352,0,0.202917626,0,0.100317673,0.104637337,0.091820338,0,0.064481462,0.343456255,0.081737506,0.012916559,0.106163742
4712,0.176915569,0.123507616,0,0.077594568,0,0.545478444,0.105759062,0,0,0.127122492,0.128708017,0,0,0.035174112,0,0.159043545,0,0.117037285,0.14744352,0.107123728,0,0.069854917,0.234996385,0.140121439,0,0.149878224
4743,0.054904832,0,0,0.381506628,0,0,0,0.265251989,0,0,0.196126502,0,0.192809346,0,0,0,0,0.133756897,0,0,0.301683074,0.059108006,0,0.180990191,0,0.174857928
4745,0.042703758,0,0,0.536695765,0,0,0,0.25524248,0,0,0.202255455,0,0.300555745,0,0,0,0,0.175555927,0,0,0.349317244,0.069854917,0,0.268566091,0,0.143633298
4746,0.067105905,0,0,0.362107986,0.008334722,0,0,0.175166408,0,0,0.196126502,0,0.221163661,0,0,0,0,0.200635345,0.004756243,0,0.246109876,0.053734551,0,0.227697338,0,0.137388372
4764,0.3477306,1.097845478,0.028839221,0.122858067,0.016669445,0.519190326,0.557638689,0,0,0.508489966,0,0.0454316,0,0.140696447,1.723413199,0,0.434437334,0,0,0,0,0,0,0.046707146,0.309997417,0
4766,0.219619327,0.63126115,0.043258832,0.084060782,0.025004167,0.35488959,0.278819344,0,0,0.254244983,0,0.055527511,0,0.211044671,1.32408575,0,0.303638997,0,0.004756243,0,0,0,0,0.01751518,0.238956342,0
4784,0,0,0,0.051729712,0,0.499474238,0,0.110104599,0,0.027240534,0,0.439172135,0.022683452,0.105522336,0.399327449,0,0.154155183,0.284233406,0.214030916,0.482056776,0.031756113,0.048361096,0,0.186828585,0.329372255,0
4785,0,0,0.014419611,0.025864856,0,0.630914826,0,0.140133126,0,0.072641424,0,0.47955578,0.011341726,0.05862352,0.525430853,0,0.200868875,0.376191272,0.304399524,0.726911011,0.063512226,0.096722192,0,0.204343765,0.387496771,0
4813,0,0,0,0.012932428,0,0.486330179,0,0.095090336,0,0.04540089,0,0.277637557,0.005670863,0.11724704,0.336275746,0,0.093427384,0.376191272,0.142687277,0.382584743,0.063512226,0.032240731,0,0.134283045,0.27124774,0
4818,0,0,0,0.012932428,0,0.446898002,0,0.0550523,0.008077544,0,0,0.21706209,0.005670863,0.023449408,0.126103405,0,0.070070538,0.300953018,0.156956005,0.298416099,0.023817085,0.042987641,0,0.110929472,0.180831826,0
4834,0,0,0,0.006466214,0,0.335173502,0,0.035033282,0,0.036320712,0,0.186774356,0.011341726,0.070348224,0.315258512,0,0.079413276,0.225714763,0.133174792,0.25250593,0.031756113,0.042987641,0,0.140121439,0.26478946,0
4835,0,0,0,0.019398642,0,0.341745531,0,0.060057054,0,0.027240534,0,0.247349823,0.005670863,0.093797632,0.273224044,0.00548426,0.060727799,0.284233406,0.137931034,0.290764404,0.039695141,0.037614186,0,0.058383933,0.232498063,0
4850,0.079306979,0,0.403749099,0,0,0,0,0,0.096930533,0.009080178,0,0,0.362935239,0,0.588482556,0,0.079413276,0,0,0.206595761,0,0,0.415762834,0.467071462,0.238956342,0.412165116
4851,0.061005368,0,0.519105984,0,0,0,0,0,0.169628433,0.009080178,0,0,0.40263128,0,0.483396385,0,0.065399168,0,0,0.275461015,0,0,0.18076645,0.426202709,0.290622578,0.524573784
4931,0.469741337,0.658707287,0.735400144,0.142256709,0.833472245,0.164300736,0.596096529,0.560532506,0.98546042,0.590211568,0.239029174,0.706713781,0.436656459,0.281392895,0.504413619,0.438740814,0.868874667,0.417990303,0.799048751,0.75751779,0.23023182,0.62869425,0.343456255,0.163475012,0.703952467,0.355960782
4932,0.323328453,0.727322629,0.692141312,0.071128354,0.933488915,0.164300736,0.759542352,0.535508733,0.961227787,0.444928721,0.275802893,0.711761736,0.362935239,0.304842303,0.567465322,0.389382472,0.864203298,0.367831466,0.784780024,0.818731349,0.317561131,0.634067706,0.25307303,0.157636618,0.787910101,0.43714482
4933,0.176915569,0.123507616,0.21629416,0.03233107,0.125020837,0.092008412,0.249975964,0.135128372,0.323101777,0.145282848,0.055160579,0.242301868,0.09073381,0.046898816,0.084068937,0.142590765,0.326995842,0.108677479,0.195005945,0.206595761,0.119085424,0.166577109,0.126536515,0.029191966,0.232498063,0.137388372
4934,0.164714495,0.288184438,0.331651045,0.058195926,0.341723621,0.052576236,0.249975964,0.165156899,0.428109855,0.245164805,0.122579063,0.333165068,0.23817625,0.105522336,0.189155107,0.170012065,0.383052273,0.217354957,0.280618312,0.298416099,0.142902509,0.274046212,0.090383225,0.087575899,0.342288814,0.168613002
4959,0.134211811,0.301907507,0.346070656,0.045263498,0.333388898,0.072292324,0.269204884,0.280266253,0.395799677,0.254244983,0.202255455,0.338213024,0.226834524,0.093797632,0.189155107,0.219370407,0.420423226,0.292593212,0.399524376,0.313719489,0.158780565,0.311660398,0.07230658,0.070060719,0.297080858,0.193592706
4960,0.2318204,0.45286126,0.230713771,0.071128354,0.450075013,0.065720294,0.413421786,0.250237726,0.557350565,0.299645873,0.177739642,0.454316002,0.249517977,0.082072928,0.231189575,0.235823187,0.523193348,0.384551078,0.366230678,0.298416099,0.166719594,0.440623321,0.198843095,0.093414292,0.39395505,0.212327484
4961,0.317227916,0.507753534,0.490266763,0.09699321,0.683447241,0.144584648,0.499951928,0.355337571,0.945072698,0.463089077,0.208384408,0.550227158,0.317568334,0.175870559,0.126103405,0.31808709,0.780118653,0.259153988,0.604042806,0.413191522,0.301683074,0.558839334,0.126536515,0.116767865,0.600619995,0.287266596
4962,0.201317716,0.411692054,0.317231435,0.045263498,0.425070845,0.065720294,0.269204884,0.200190181,0.516962843,0.217924271,0.13483697,0.348308935,0.119088125,0.082072928,0.147120639,0.235823187,0.420423226,0.175555927,0.380499405,0.329022879,0.158780565,0.284793122,0.10845987,0.099252686,0.290622578,0.143633298
4963,0.085407516,0.082338411,0.086517664,0.019398642,0.108351392,0.019716088,0.144216902,0.130123617,0.177705977,0.099881958,0.042902672,0.121150934,0.085062947,0.046898816,0.042034468,0.060326862,0.154155183,0.133756897,0.152199762,0.091820338,0.039695141,0.107469103,0.03615329,0.023353573,0.109790752,0.068694186
4989,0.847974622,1.152737752,1.398702235,0.239249919,1.266877813,0.381177708,1.451783482,0.890846304,2.035541195,1.289385272,0.619024271,1.499242807,0.947034139,0.480712862,0.693568726,0.784249205,1.583594151,1.019896338,1.374554102,1.438518632,0.555731978,1.321869962,0.451916124,0.233535731,1.414363214,0.574533192
4993,0.860175695,1.193906958,1.110310022,0.232783705,1.666944491,0.295741325,1.749831747,0.940893849,1.655896607,1.225824026,0.619024271,1.433619384,1.015084496,0.44553875,1.008827238,0.866513107,1.719063858,1.003176726,1.346016647,1.660417783,0.651000318,1.128425578,0.415762834,0.33862681,1.427279773,0.793105602
4997,0.65885798,0.891999451,0.951694304,0.116391853,1.100183364,0.23659306,0.922988174,0.730694159,1.324717286,0.926178153,0.379995097,1.135790005,0.788249972,0.457263454,0.588482556,0.586815839,1.518194983,0.760742351,1.131985731,1.063585584,0.452524611,1.01558302,0.397686189,0.245212518,1.207698269,0.493349154
5042,0.536847243,0.850830246,0.749819755,0.142256709,0.866811135,0.249737119,0.855686953,0.560532506,1.171243942,0.708253882,0.312576612,0.908632004,0.510377679,0.902802204,0.336275746,0.521004716,1.041715327,0.535027587,1.041617122,0.849338128,0.381073357,0.703922622,0.307302965,0.216020551,0.904159132,0.424654968
5043,0.32942899,0.63126115,0.706560923,0.129324281,0.675112519,0.144584648,0.769156812,0.435413643,0.993537964,0.399527831,0.239029174,0.737001514,0.436656459,0.961425724,0.35729298,0.460677855,0.79413276,0.401270691,0.818073722,0.596832198,0.174658622,0.526598603,0.10845987,0.175151798,0.917075691,0.299756448
5106,0.976085896,1.468368327,1.600576784,0.271580989,1.758626438,0.460042061,1.672916066,1.191131575,2.382875606,1.38926723,0.465800441,1.696113074,1.134172621,0.363465822,0.945775536,0.833607546,1.99000327,0.894499248,1.8882283,1.706327952,0.682756431,1.483073616,0.469992769,0.414525922,1.788943425,0.87428964
5107,4.60590532,8.371071772,8.031723143,1.377303589,10.14335723,2.109621451,9.412556485,6.090786247,12.04361874,7.373104513,3.456729591,10.05047956,5.801292957,3.118771251,5.254308533,5.330700888,11.69710842,5.67630831,9.959571938,8.853010942,3.890123849,8.242880172,3.018799711,1.879962634,9.157840351,4.864797352
5108,0.207418253,0.301907507,0.461427541,0.03233107,0.44174029,0.098580442,0.432650707,0.360342325,0.484652666,0.317806229,0.208384408,0.449268046,0.311897471,0.128971743,0.315258512,0.268728748,0.56990704,0.242434376,0.437574316,0.351977963,0.222292791,0.322407308,0.198843095,0.040868753,0.329372255,0.237307188
5109,0.317227916,0.548922739,0.591204037,0.109925639,0.633438906,0.111724501,0.442265167,0.350332816,0.541195477,0.363207119,0.239029174,0.459363958,0.311897471,0.128971743,0.25220681,0.32357135,0.597935255,0.292593212,0.489892985,0.413191522,0.277865989,0.349274584,0.10845987,0.140121439,0.426246448,0.199837632
5111,0.713762811,1.427199122,1.485219899,0.206918849,1.716952825,0.34831756,1.259494279,1.261198138,1.768982229,1.080541179,0.539347879,1.398283695,1.032097085,0.44553875,0.882723834,0.822639026,1.723735227,1.036615951,1.417360285,1.346698294,0.587488091,1.219774315,0.32537961,0.297758057,1.33040558,0.580778118
5133,0.835773548,1.317414574,1.225666907,0.278047203,1.675279213,0.341745531,1.576771464,1.03097943,1.914378029,1.189503314,0.490316254,1.539626451,0.907338097,0.468988158,1.071878941,0.910387189,1.728406596,0.936298278,1.57431629,1.499732191,0.611305176,1.531434713,0.433839479,0.432041102,1.763110307,0.774370824
5134,0.176915569,0.164676822,0.230713771,0.038797284,0.325054176,0.065720294,0.182674743,0.195185426,0.315024233,0.199763915,0.110321157,0.323069157,0.187138482,0.070348224,0.084068937,0.175496326,0.345681319,0.167196121,0.294887039,0.206595761,0.174658622,0.22031166,0.054229935,0.046707146,0.335830535,0.193592706
5156,0.237920937,0.494030465,0.562364816,0.06466214,0.583430572,0.144584648,0.451879627,0.36534708,0.686591276,0.499409788,0.196126502,0.585562847,0.368606102,0.175870559,0.231189575,0.30163431,0.583921147,0.401270691,0.589774078,0.459101691,0.206414735,0.472864052,0.126536515,0.099252686,0.639369672,0.37469556
5158,0.219619327,0.45286126,0.403749099,0.06466214,0.383397233,0.072292324,0.413421786,0.240228217,0.533117932,0.326886407,0.13483697,0.393740535,0.23817625,0.175870559,0.294241278,0.224854667,0.50917924,0.284233406,0.432818074,0.329022879,0.190536678,0.354648039,0.10845987,0.105091079,0.27124774,0.206082558
5205,0.122010737,0.054892274,0.014419611,0.135790495,0,0.532334385,0.144216902,0,0,0.272405339,0.140965923,0,0,0.046898816,0.021017234,0.109685203,0,0.108677479,0.171224732,0.084168643,0,0.075228372,0.307302965,0.099252686,0.00645828,0.181102854
5207,0.140312347,0.068615342,0,0.09699321,0,0.492902208,0.134602442,0,0,0.13620267,0.128708017,0.005047956,0,0.05862352,0,0.159043545,0,0.075238254,0.099881094,0.084168643,0,0.085975282,0.21691974,0.070060719,0,0.087428964
5228,0.274524158,0.068615342,0,0.03233107,0.06667778,0,0,0.040038036,0,0.145282848,0.147094876,0.0454316,0,0.199319967,0,0.356476911,0.018685477,0,0.004756243,0,0,0.118216013,0.28922632,0.145959832,0.12916559,0.081184038
5231,0.372132748,0.123507616,0,0.019398642,0.116686114,0,0.00961446,0.030028527,0,0.145282848,0.177739642,0.106007067,0,0.093797632,0,0.493583416,0.037370953,0,0,0,0.007939028,0.155830199,0.397686189,0.28608127,0.219581503,0.174857928
5250,0.768667643,0.150953753,0,0.06466214,0.208368061,0,0.02884338,0.120114108,0,0.290565695,0.465800441,0.161534578,0,0.293117599,0,1.031040913,0.116784229,0,0.004756243,0,0,0.333154218,0.668835864,0.496263428,0.335830535,0.268531818
5251,0.854075159,0.150953753,0.014419611,0.03233107,0.225037506,0,0.02884338,0.110104599,0,0.236084627,0.496445207,0.252397779,0,0.246218783,0,1.020072392,0.088756014,0,0,0.007651695,0,0.274046212,0.849602314,0.706445586,0.342288814,0.330981078
5272,0.420937042,0.068615342,0,0.058195926,0.083347225,0,0.00961446,0.045042791,0,0.108962136,0.232900221,0.111055023,0,0.035174112,0,0.285181529,0.018685477,0,0.004756243,0,0,0.075228372,0.271149675,0.274404484,0.064582795,0.074939112
5273,0.573450464,0.17839989,0,0.038797284,0.116686114,0,0.00961446,0.0550523,0.008077544,0.154363026,0.40451091,0.146390712,0,0.164145855,0.021017234,0.658111221,0.051385061,0,0,0,0,0.150456744,0.506146059,0.385333956,0.167915267,0.168613002
5296,0.323328453,0.054892274,0,0.012932428,0.083347225,0,0.00961446,0.060057054,0,0.04540089,0.165481736,0.0908632,0,0.11724704,0,0.460677855,0.032699584,0,0,0.091820338,0,0.128962923,0.307302965,0.262727697,0.103332472,0.12489852
5327,0.841874085,0.164676822,0,0.025864856,0.133355559,0,0.00961446,0.0550523,0,0.181603559,0.484187301,0.151438667,0,0.246218783,0,0.833607546,0.11211286,0,0,0.130078812,0,0.20956475,0.524222704,0.525455395,0.251872901,0.168613002
5330,0.713762811,0.205846027,0,0.012932428,0.175029172,0,0,0.105099845,0,0.217924271,0.429026722,0.126198889,0,0.257943487,0,0.680048261,0.084084645,0,0.004756243,0.137730507,0,0.18807093,0.596529284,0.408687529,0.245414622,0.193592706
5388,0.664958516,0.123507616,0,0.038797284,0.216702784,0,0.01922892,0.070066563,0,0.099881958,0.330963471,0.121150934,0,0.128971743,0.021017234,0.564878798,0.042042323,0,0.004756243,0.099472033,0,0.102095648,0.361532899,0.33862681,0.148540429,0.193592706
5390,0.573450464,0.096061479,0,0.012932428,0.116686114,0,0.00961446,0.025023773,0,0.072641424,0.239029174,0.116102978,0,0.128971743,0.021017234,0.455193594,0.037370953,0,0,0.045910169,0,0.112842558,0.343456255,0.256889304,0.174373547,0.137388372
5392,0.652757443,0.082338411,0,0.051729712,0.216702784,0,0.00961446,0.040038036,0.008077544,0.145282848,0.410639863,0.100959112,0.005670863,0.152421151,0,0.564878798,0.074741907,0,0,0.091820338,0,0.155830199,0.379609544,0.332788417,0.245414622,0.131143446
5410,0.408735969,0.137230685,0.014419611,0.038797284,0.100016669,0,0,0.065061809,0.008077544,0.118042314,0.25128708,0.106007067,0,0.175870559,0.042034468,0.405835253,0.060727799,0,0,0.007651695,0,0.107469103,0.488069414,0.280242877,0.154998708,0.137388372
5411,0.439238653,0.150953753,0.014419611,0.045263498,0.133355559,0,0.038457841,0.085080827,0,0.172523381,0.257416033,0.085815245,0,0.128971743,0,0.515520456,0.042042323,0,0.004756243,0,0,0.19881784,0.343456255,0.391172349,0.109790752,0.15612315
5427,0.286725232,0.068615342,0,0.006466214,0.083347225,0,0.00961446,0.045042791,0,0.145282848,0.257416033,0.070671378,0,0.105522336,0,0.361961171,0.05605643,0,0.004756243,0,0,0.161203654,0.379609544,0.268566091,0.096874193,0.118653594
5428,0.298926306,0.123507616,0,0.03233107,0.158359727,0,0.00961446,0.035033282,0,0.118042314,0.208384408,0.080767289,0,0.128971743,0,0.290665789,0.032699584,0,0,0,0,0.091348737,0.21691974,0.198505371,0.13562387,0.099918816
5440,0.3477306,0.27446137,0,0.245716133,0,1.550998948,0.298048265,0,0,0.5357305,0.465800441,0.005047956,0,0.11724704,0,0.669079741,0,0.351111854,0.33293698,0.344326268,0,0.252552391,0.704989154,0.291919664,0.045207957,0.355960782
5442,0.122010737,0.068615342,0,0.06466214,0,0.814931651,0.192289203,0,0,0.317806229,0.208384408,0.010095911,0,0.082072928,0,0.30163431,0,0.142116703,0.242568371,0.122427118,0,0.102095648,0.469992769,0.157636618,0.019374839,0.206082558
5445,0.250122011,0.192122959,0.014419611,0.174587779,0,1.071240799,0.173060283,0,0,0.363207119,0.226771267,0,0,0.164145855,0,0.285181529,0,0.183915733,0.290130797,0.168337287,0,0.123589468,0.506146059,0.186828585,0.045207957,0.24979704
5462,0.2318204,0.164676822,0,0.226317491,0,1.439274448,0.230747044,0,0,0.399527831,0.281931846,0,0,0.082072928,0.021017234,0.510036196,0,0.292593212,0.342449465,0.206595761,0,0.134336378,0.795372379,0.227697338,0,0.349715856
5463,0.396534895,0.233292164,0,0.258648561,0,1.603575184,0.355735025,0.005004755,0,0.454008899,0.435155675,0.015143867,0,0.140696447,0.021017234,0.608752879,0.004671369,0.242434376,0.380499405,0.260157625,0,0.19881784,0.813449024,0.268566091,0.032291398,0.399675264
5464,0.201317716,0.17839989,0,0.200452635,0,1.163249211,0.201903663,0,0,0.308726051,0.288060799,0,0,0.105522336,0,0.400350993,0,0.158836315,0.294887039,0.145382202,0.007939028,0.112842558,0.632682574,0.216020551,0.032291398,0.28102167
5465,0.262323084,0.137230685,0,0.284513417,0,1.169821241,0.307662725,0,0,0.463089077,0.300318706,0,0,0.152421151,0,0.455193594,0,0.200635345,0.266349584,0.198944066,0,0.268672757,1.048445409,0.28608127,0.025833118,0.330981078
5467,0.176915569,0.082338411,0,0.116391853,0,0.59148265,0.057686761,0,0,0.199763915,0.104192204,0.005047956,0,0.082072928,0,0.142590765,0,0.133756897,0.128418549,0.114775423,0,0.064481462,0.361532899,0.093414292,0.012916559,0.162368076
5490,0.311127379,0.123507616,0,0.303912059,0,1.366982124,0.221132583,0,0,0.390447653,0.281931846,0,0,0.093797632,0,0.493583416,0,0.234074569,0.304399524,0.275461015,0,0.22031166,0.741142444,0.32111163,0.019374839,0.293511522
5492,0.311127379,0.096061479,0,0.245716133,0,1.051524711,0.163445823,0,0,0.326886407,0.196126502,0,0,0.140696447,0,0.32357135,0,0.150476509,0.290130797,0.198944066,0,0.161203654,0.578452639,0.163475012,0.045207957,0.349715856
5505,0.244021474,0.123507616,0,0.187520207,0,0.93980021,0.211518123,0,0.008077544,0.272405339,0.300318706,0,0,0.023449408,0,0.30711857,0,0.142116703,0.16646849,0.160685592,0,0.139709833,0.397686189,0.169313405,0.019374839,0.237307188
5508,0.170815032,0.041169205,0.014419611,0.161655351,0,0.598054679,0.134602442,0,0,0.281485517,0.165481736,0,0,0.046898816,0,0.257760228,0,0.083598061,0.133174792,0.053561864,0,0.102095648,0.28922632,0.110929472,0.00645828,0.206082558
5523,0.189116642,0.137230685,0.014419611,0.193986421,0,0.696635121,0.067301221,0,0,0.281485517,0.153223829,0.005047956,0,0.05862352,0,0.208401887,0,0.133756897,0.18549346,0.130078812,0.007939028,0.112842558,0.524222704,0.116767865,0.019374839,0.181102854
5524,0.280624695,0.150953753,0,0.265114775,0,1.1829653,0.211518123,0,0,0.408608009,0.300318706,0,0,0.140696447,0,0.361961171,0,0.284233406,0.266349584,0.191292371,0,0.171950564,0.723065799,0.157636618,0.038749677,0.387185412
5542,0.2318204,0.054892274,0,0.168121565,0,0.782071504,0.115373522,0,0,0.236084627,0.245158127,0,0,0.140696447,0,0.290665789,0,0.075238254,0.190249703,0.068865254,0,0.096722192,0.560375994,0.169313405,0.012916559,0.262286892
5567,0.305026842,0.137230685,0,0.278047203,0,1.41955836,0.326891645,0,0,0.463089077,0.441284629,0,0,0.128971743,0,0.603268619,0,0.31767263,0.35196195,0.298416099,0,0.241805481,0.813449024,0.280242877,0.019374839,0.424654968
5570,0.176915569,0.109784548,0,0.181053993,0,0.952944269,0.163445823,0,0,0.363207119,0.196126502,0,0,0.11724704,0,0.367445432,0,0.150476509,0.18549346,0.221899151,0,0.161203654,0.506146059,0.145959832,0.025833118,0.28102167
5571,0.134211811,0.068615342,0,0.109925639,0,0.617770768,0.105759062,0,0,0.208844093,0.122579063,0,0,0.035174112,0,0.213886147,0,0.066878448,0.085612366,0.076516949,0,0.085975282,0.361532899,0.116767865,0.012916559,0.118653594
5591,0.280624695,0.150953753,0.014419611,0.226317491,0,1.288117771,0.249975964,0,0,0.426768365,0.318705565,0,0,0.152421151,0,0.482614895,0,0.183915733,0.31391201,0.191292371,0,0.134336378,0.777295734,0.256889304,0.019374839,0.337226004
5592,0.384333821,0.315630575,0.028839221,0.226317491,0,1.281545741,0.317277185,0,0,0.426768365,0.343221378,0,0,0.11724704,0,0.531973237,0,0.175555927,0.318668252,0.23720254,0,0.18807093,0.632682574,0.268566091,0.045207957,0.299756448
5593,0.21351879,0.123507616,0,0.174587779,0,0.874079916,0.173060283,0,0.008077544,0.236084627,0.245158127,0,0,0.070348224,0,0.32905561,0,0.125397091,0.242568371,0.183640676,0,0.139709833,0.560375994,0.180990191,0.00645828,0.181102854
5594,0.311127379,0.27446137,0,0.303912059,0,1.629863302,0.326891645,0,0,0.317806229,0.306447659,0,0,0.187595263,0,0.471646375,0,0.35947166,0.337693222,0.283112709,0,0.22031166,0.795372379,0.297758057,0.038749677,0.49959408
5595,0.176915569,0.164676822,0,0.193986421,0,1.051524711,0.278819344,0,0,0.308726051,0.300318706,0,0,0.093797632,0,0.340024131,0,0.259153988,0.228299643,0.168337287,0,0.139709833,0.596529284,0.280242877,0.019374839,0.306001374
5619,0.21351879,0.054892274,0,0.148722923,0,0.860935857,0.211518123,0,0,0.227004449,0.171610689,0,0,0.05862352,0,0.246791708,0.004671369,0.234074569,0.233055886,0.175988982,0,0.193444385,0.578452639,0.169313405,0.019374839,0.268531818
5620,0.103709126,0.082338411,0.014419611,0.06466214,0,0.322029443,0.134602442,0,0,0.13620267,0.153223829,0,0,0.046898816,0,0.175496326,0,0.091957867,0.137931034,0.053561864,0,0.080601827,0.198843095,0.105091079,0.00645828,0.162368076
5623,0.170815032,0.082338411,0.014419611,0.168121565,0,0.762355415,0.115373522,0,0,0.245164805,0.147094876,0.005047956,0,0.082072928,0,0.191949106,0,0.133756897,0.180737218,0.099472033,0,0.091348737,0.433839479,0.140121439,0.025833118,0.193592706
5641,0.146412884,0,0,0.853540252,0,0,0,0.605575297,0,0,0.392253003,0,0.759895656,0,0.021017234,0,0,0.476508945,0,0,0.825658939,0.155830199,0,0.467071462,0,0.518328858
5642,0.054904832,0,0,0.420303912,0,0,0,0.240228217,0,0.009080178,0.196126502,0,0.294884881,0,0.021017234,0,0.004671369,0.175555927,0,0,0.301683074,0.037614186,0,0.198505371,0,0.212327484
5643,0.073206442,0,0,0.439702554,0,0,0,0.230218708,0,0,0.220642314,0,0.41964387,0,0,0,0,0.192275539,0,0,0.341378215,0.080601827,0,0.239374124,0,0.274776744
5667,0.146412884,0,0,1.293242806,0,0,0,0.865822531,0,0,0.545476833,0,0.731541341,0.011724704,0,0,0.018685477,0.451429527,0,0,1.055890759,0.306286943,0,0.67725362,0,0.487104228
5668,0.128111274,0,0,0.892337536,0,0,0,0.62058956,0,0,0.435155675,0,0.521719406,0,0,0,0,0.35947166,0,0,0.738329628,0.231058571,0,0.350303596,0,0.349715856
5669,0.079306979,0,0,0.43323634,0,0,0,0.335318553,0,0.027240534,0.232900221,0,0.323239197,0,0,0,0,0.158836315,0,0,0.452524611,0.085975282,0,0.309434844,0,0.174857928
5670,0.09760859,0,0,0.685418687,0,0,0,0.525499224,0,0,0.361608237,0,0.555744584,0,0,0,0,0.351111854,0.004756243,0,0.706573515,0.134336378,0,0.344465203,0.00645828,0.274776744
5696,0.103709126,0,0,0.504364694,0,0,0,0.25524248,0,0,0.196126502,0,0.323239197,0,0,0,0.004671369,0.200635345,0,0,0.484280724,0.096722192,0,0.28608127,0,0.143633298
5725,0.158613958,0,0,0.627222761,0,0,0,0.485461188,0,0.009080178,0.379995097,0,0.374276965,0,0.021017234,0,0.004671369,0.309312824,0,0,0.746268657,0.134336378,0,0.391172349,0,0.287266596
5726,0.042703758,0,0,0.491432266,0,0,0,0.21019969,0,0.009080178,0.288060799,0,0.334580923,0.011724704,0,0,0,0.242434376,0,0.007651695,0.523975865,0.102095648,0,0.262727697,0,0.18734778
5743,0.1159102,0,0,0.413837698,0,0,0,0.350332816,0,0,0.318705565,0,0.289214018,0,0.021017234,0,0.004671369,0.208995151,0,0,0.54779295,0.107469103,0,0.239374124,0,0.199837632
5744,0.134211811,0,0,1.241513094,0,0,0,0.815774986,0,0,0.588379505,0,0.873312918,0,0,0,0,0.434709915,0.004756243,0,1.111463957,0.279419667,0,0.67725362,0,0.455879598
5747,0.09760859,0,0,0.575493049,0,0,0,0.405385116,0,0.009080178,0.36773719,0,0.41964387,0,0,0,0,0.326032436,0,0.01530339,0.627183233,0.166577109,0,0.326950023,0,0.337226004
5771,0.1159102,0,0,0.484966052,0,0,0,0.245232971,0,0,0.294189752,0,0.243847114,0,0,0,0,0.192275539,0,0,0.41282947,0.182697474,0,0.256889304,0,0.231062262
5772,0.073206442,0,0,0.387972842,0,0,0,0.225213953,0,0,0.245158127,0,0.221163661,0,0,0,0,0.125397091,0.004756243,0,0.238170848,0.075228372,0,0.280242877,0,0.193592706
5790,0.176915569,0,0,0.840607824,0,0,0,0.52049447,0,0.009080178,0.349350331,0,0.538731995,0,0,0,0.009342738,0.334392242,0.004756243,0,0.666878374,0.139709833,0,0.397010743,0,0.324736152
5791,0.1159102,0,0,0.653087617,0,0,0,0.440418397,0,0,0.263544987,0,0.453669048,0,0,0,0,0.2758736,0.004756243,0.007651695,0.484280724,0.102095648,0,0.326950023,0,0.28102167
5808,0.067105905,0,0,0.413837698,0,0,0,0.345328062,0,0,0.245158127,0,0.272201429,0.011724704,0,0,0.004671369,0.217354957,0,0,0.444585583,0.112842558,0,0.216020551,0,0.231062262
5809,0.048804295,0,0,0.517297123,0,0,0,0.320304289,0,0,0.330963471,0,0.351593513,0,0,0,0,0.183915733,0,0,0.373134328,0.102095648,0,0.268566091,0,0.18734778
5810,0.073206442,0,0,0.607824119,0,0,0,0.480456434,0,0,0.484187301,0,0.413973007,0,0,0,0.004671369,0.342752048,0,0,0.666878374,0.22031166,0,0.449556282,0.00645828,0.274776744
5832,0.09760859,0,0,1.066925315,0,0,0,0.715679896,0,0.009080178,0.484187301,0,0.703187025,0,0,0,0,0.476508945,0.004756243,0,1.079707844,0.257925846,0,0.583839327,0,0.37469556
5833,0.146412884,0,0,1.629485936,0,0,0,0.950903358,0,0.027240534,0.753861241,0,0.981059317,0.011724704,0,0,0,0.668784484,0,0,1.333756748,0.349274584,0,0.811536665,0,0.636982452
5834,0.311127379,0,0,2.114451988,0,0,0,1.496421601,0,0.027240534,1.139985291,0,1.508449586,0.011724704,0,0,0.004671369,1.019896338,0.004756243,0,1.857732614,0.564212789,0,1.237739374,0,0.87428964
5836,0.158613958,0,0,1.500161655,0,0,0,0.765727441,0,0.009080178,0.668055896,0,0.788249972,0.011724704,0,0,0,0.501588363,0,0,1.238488409,0.236432026,0,0.741475946,0,0.555798414
5853,0.176915569,0.439138191,0.014419611,0.06466214,0.016669445,0.315457413,0.336506105,0,0,0.227004449,0.006128953,0.035335689,0,0.164145855,1.134930643,0,0.317653104,0,0,0,0,0,0,0.03503036,0.174373547,0
5855,0.164714495,0.672430355,0.057678443,0.090526996,0.008334722,0.34831756,0.269204884,0.005004755,0,0.399527831,0,0.0454316,0,0.175870559,1.345102984,0,0.39706638,0,0,0,0,0,0,0.005838393,0.290622578,0
5856,0.183016105,0.576368876,0.014419611,0.071128354,0.008334722,0.203732913,0.413421786,0,0,0.290565695,0,0.010095911,0,0.175870559,1.008827238,0,0.242911197,0,0,0,0,0,0,0.01751518,0.109790752,0
5876,0.054904832,0,0.331651045,0,0,0,0,0.005004755,0.185783522,0,0,0,0.294884881,0,0.546448087,0,0.051385061,0,0,0.191292371,0,0.005373455,0.07230658,0.262727697,0.180831826,0.34347093
5878,0.061005368,0,0.475847152,0,0,0,0,0,0.210016155,0,0,0,0.294884881,0,0.588482556,0,0.05605643,0,0.004756243,0.153033897,0,0,0.126536515,0.297758057,0.148540429,0.387185412
5935,0.250122011,0,1.73035328,0,0,0,0,0,0.848142165,0,0,0,1.156856073,0,2.29087852,0.01096852,0.312981735,0,0.004756243,0.910551687,0,0,0.867678959,1.488790285,0.852492896,1.323924312
5936,0.067105905,0,0.533525595,0,0,0,0,0.005004755,0.34733441,0,0,0,0.41964387,0,0.546448087,0,0.074741907,0,0,0.25250593,0,0.005373455,0.234996385,0.414525922,0.206664944,0.37469556
5961,0.134211811,0,0.735400144,0,0,0,0,0,0.42003231,0.009080178,0,0,0.74855393,0,1.050861707,0,0.135469706,0,0,0.451449996,0,0,0.488069414,0.899112564,0.594161715,0.855554862
5962,0.134211811,0,0.749819755,0,0,0,0,0,0.468497577,0.009080178,0,0,0.521719406,0,1.008827238,0,0.088756014,0,0,0.298416099,0,0,0.469992769,0.683092013,0.445621286,0.774370824
5991,0.195217179,0.397968986,0.331651045,0.071128354,0.400066678,0.111724501,0.278819344,0.215204444,0.452342488,0.236084627,0.183868595,0.474507824,0.266530566,0.316567007,0.273224044,0.268728748,0.448451441,0.183915733,0.480380499,0.329022879,0.103207367,0.284793122,0.18076645,0.075899113,0.439163007,0.199837632
5994,0.390434358,0.713599561,0.63446287,0.168121565,0.725120853,0.249737119,0.749927892,0.415394625,0.91276252,0.58113139,0.281931846,0.767289248,0.436656459,0.797279869,0.336275746,0.488099155,0.836175083,0.392910884,0.875148633,0.619787283,0.293744046,0.655561526,0.343456255,0.134283045,0.820201498,0.299756448
5995,0.256222548,0.288184438,0.360490267,0.058195926,0.500083347,0.085436383,0.519180848,0.250237726,0.573505654,0.363207119,0.159352783,0.454316002,0.283543155,0.597959902,0.147120639,0.186464846,0.527864717,0.208995151,0.494649227,0.413191522,0.119085424,0.381515314,0.14461316,0.070060719,0.445621286,0.212327484
6027,0.158613958,0.260738301,0.115356885,0.03233107,0.333388898,0.072292324,0.259590424,0.150142636,0.331179321,0.127122492,0.085805344,0.21706209,0.113417262,0.093797632,0.189155107,0.087748163,0.266268043,0.158836315,0.247324614,0.229550846,0.039695141,0.150456744,0.054229935,0.058383933,0.303539137,0.106163742
6028,0.201317716,0.27446137,0.21629416,0.03233107,0.241706951,0.078864353,0.269204884,0.125118863,0.436187399,0.172523381,0.079676391,0.277637557,0.130429851,0.105522336,0.126103405,0.098716683,0.22889709,0.167196121,0.261593341,0.283112709,0.087329311,0.231058571,0.054229935,0.093414292,0.167915267,0.131143446
6029,0.323328453,0.535199671,0.504686373,0.116391853,0.725120853,0.164300736,0.576867609,0.375356589,0.654281099,0.544810678,0.275802893,0.641090358,0.311897471,0.11724704,0.336275746,0.400350993,0.635306208,0.342752048,0.604042806,0.596832198,0.261987933,0.488984417,0.32537961,0.180990191,0.5360372,0.28102167
6055,0.579551,0.974337862,1.153568854,0.148722923,0.958493082,0.256309148,0.884530334,0.630599069,1.147011309,0.681013348,0.294189752,0.903584048,0.606782352,0.94970102,0.588482556,0.592300099,1.163170925,0.626985454,0.970273484,0.910551687,0.444585583,0.875873186,0.343456255,0.169313405,1.06561612,0.505839006
6056,0.305026842,0.590091945,0.504686373,0.077594568,0.641773629,0.111724501,0.374963946,0.330313798,0.678513732,0.335966585,0.165481736,0.403836446,0.209821935,0.492437566,0.189155107,0.279697269,0.62596347,0.334392242,0.623067776,0.474405081,0.222292791,0.317033853,0.14461316,0.105091079,0.452079566,0.21857241
6088,0.439238653,0.521476602,0.807498198,0.084060782,0.675112519,0.11829653,0.692241131,0.450427907,0.888529887,0.544810678,0.281931846,0.636042403,0.436656459,0.914526908,0.525430853,0.477130635,0.91091699,0.326032436,0.689655172,0.589180503,0.269926961,0.478237507,0.14461316,0.122606259,0.736243865,0.237307188
6090,0.2318204,0.494030465,0.374909877,0.077594568,0.400066678,0.098580442,0.471108547,0.270256744,0.573505654,0.263325161,0.208384408,0.474507824,0.272201429,0.750381053,0.273224044,0.30163431,0.523193348,0.284233406,0.585017836,0.374933048,0.198475707,0.370768404,0.162689805,0.058383933,0.387496771,0.237307188
6091,0.250122011,0.466584328,0.562364816,0.077594568,0.550091682,0.131440589,0.528795308,0.360342325,0.694668821,0.426768365,0.171610689,0.530035336,0.323239197,0.539336382,0.294241278,0.367445432,0.766104545,0.351111854,0.651605232,0.497360165,0.174658622,0.392262225,0.198843095,0.087575899,0.516662361,0.21857241
6118,0.201317716,0.411692054,0.273972603,0.045263498,0.266711119,0.124868559,0.336506105,0.21019969,0.484652666,0.245164805,0.128708017,0.35335689,0.153113304,0.281392895,0.168137873,0.197433366,0.434437334,0.234074569,0.423305589,0.336674573,0.111146396,0.274046212,0.14461316,0.099252686,0.368121932,0.131143446
6120,0.183016105,0.397968986,0.302811824,0.051729712,0.500083347,0.065720294,0.326891645,0.225213953,0.436187399,0.317806229,0.110321157,0.373548713,0.25518884,0.234494079,0.084068937,0.191949106,0.448451441,0.234074569,0.37098692,0.329022879,0.142902509,0.365394949,0.10845987,0.081737506,0.374580212,0.131143446
6124,0.09760859,0.233292164,0.187454939,0.03233107,0.208368061,0.138012618,0.278819344,0.215204444,0.34733441,0.172523381,0.140965923,0.267541646,0.181467619,0.316567007,0.147120639,0.120653724,0.350352688,0.133756897,0.285374554,0.191292371,0.04763417,0.252552391,0.07230658,0.029191966,0.258331181,0.149878224
6154,0.280624695,0.507753534,0.374909877,0.103459425,0.691781964,0.105152471,0.519180848,0.280266253,0.694668821,0.435848543,0.153223829,0.565371025,0.300555745,0.164145855,0.378310214,0.274213009,0.537207456,0.208995151,0.508917955,0.397888132,0.13496348,0.445996776,0.090383225,0.052545539,0.762076983,0.231062262
6156,0.274524158,0.562645808,0.475847152,0.06466214,0.458409735,0.11829653,0.480723007,0.395375607,0.613893376,0.399527831,0.165481736,0.418980313,0.300555745,0.105522336,0.294241278,0.30711857,0.616620732,0.292593212,0.447086801,0.405539827,0.198475707,0.435249866,0.07230658,0.128444652,0.464996125,0.199837632
6158,0.219619327,0.411692054,0.230713771,0.058195926,0.50841807,0.124868559,0.365349486,0.230218708,0.516962843,0.326886407,0.085805344,0.373548713,0.153113304,0.11724704,0.105086171,0.235823187,0.392395011,0.267513794,0.35196195,0.336674573,0.214353763,0.306286943,0.07230658,0.105091079,0.348747094,0.224817336
6185,0.2318204,0.35679978,0.43258832,0.06466214,0.450075013,0.111724501,0.605710989,0.31029478,0.662358643,0.354126941,0.140965923,0.43412418,0.25518884,0.093797632,0.231189575,0.213886147,0.639977577,0.284233406,0.475624257,0.512663555,0.23023182,0.424502955,0.18076645,0.075899113,0.548953759,0.181102854
6186,0.256222548,0.507753534,0.576784427,0.129324281,0.658443074,0.190588854,0.605710989,0.450427907,0.694668821,0.472169255,0.208384408,0.519939425,0.408302144,0.234494079,0.273224044,0.257760228,0.79413276,0.367831466,0.637336504,0.619787283,0.23023182,0.574959699,0.198843095,0.151798225,0.574786877,0.287266596
6189,0.219619327,0.562645808,0.533525595,0.116391853,0.50841807,0.085436383,0.528795308,0.300285271,0.589660743,0.326886407,0.159352783,0.504795558,0.294884881,0.070348224,0.315258512,0.30711857,0.714719484,0.259153988,0.447086801,0.466753386,0.206414735,0.462117141,0.162689805,0.169313405,0.458537846,0.293511522
6219,0.439238653,0.80966104,0.663302091,0.129324281,0.666777796,0.151156677,0.721084511,0.585556278,0.888529887,0.472169255,0.324834518,0.858152448,0.487694227,0.211044671,0.483396385,0.531973237,0.882888775,0.601906036,0.846611177,0.856989823,0.428707526,0.623320795,0.21691974,0.192666978,0.774993542,0.268531818
6220,0.225719863,0.45286126,0.418168709,0.058195926,0.166694449,0.046004206,0.528795308,0.285271007,0.137318255,0.236084627,0.220642314,0.429076224,0.391289554,0.011724704,0.189155107,0.131622244,0.429765964,0.284233406,0.385255648,0.497360165,0.18259765,0.177324019,0.126536515,0.075899113,0.12916559,0.043714482
6242,3.257686676,0.850830246,0.014419611,0.245716133,1.133522254,0,0.115373522,0.46544217,0.008077544,1.053300645,2.102230939,0.848056537,0.005670863,1.149020987,0.021017234,3.871887682,0.434437334,0.008359806,0.042806183,0,0.007939028,1.123052123,3.181489516,2.574731434,1.246447946,1.161556236
6245,0.915080527,0.247015233,0.014419611,0.077594568,0.258376396,0,0.048072301,0.120114108,0,0.372287297,0.545476833,0.166582534,0,0.398639934,0,1.140726116,0.144812445,0.008359806,0,0,0,0.403009135,0.795372379,0.712283979,0.387496771,0.287266596
6246,0.3477306,0.109784548,0,0.019398642,0.116686114,0,0,0.050047545,0,0.163443203,0.245158127,0.126198889,0,0.128971743,0,0.482614895,0.032699584,0,0,0,0,0.102095648,0.32537961,0.216020551,0.193748385,0.162368076
6293,0.469741337,0.123507616,0,0.025864856,0.091681947,0,0.01922892,0.045042791,0,0.13620267,0.26967394,0.065623423,0,0.164145855,0.021017234,0.411319513,0.037370953,0,0,0.099472033,0,0.134336378,0.307302965,0.175151798,0.200206665,0.09367389
6337,0.414836506,0.068615342,0,0.012932428,0.125020837,0,0.00961446,0.045042791,0.008077544,0.108962136,0.214513361,0.085815245,0,0.128971743,0.021017234,0.356476911,0.05605643,0,0.004756243,0.061213559,0,0.134336378,0.32537961,0.239374124,0.083957634,0.106163742
6340,0.378233285,0.109784548,0,0.006466214,0.083347225,0,0,0.050047545,0,0.081721602,0.189997548,0.080767289,0,0.128971743,0.021017234,0.372929692,0.05605643,0,0,0.030606779,0,0.096722192,0.25307303,0.239374124,0.13562387,0.087428964
6354,0.469741337,0.205846027,0,0.025864856,0.108351392,0,0,0.035033282,0,0.227004449,0.220642314,0.080767289,0,0.175870559,0,0.466162115,0.042042323,0,0,0.01530339,0,0.150456744,0.271149675,0.391172349,0.200206665,0.137388372
6356,0.262323084,0.096061479,0,0.012932428,0.100016669,0,0.01922892,0.025023773,0,0.118042314,0.189997548,0.055527511,0,0.105522336,0,0.31260283,0.032699584,0,0,0,0,0.102095648,0.18076645,0.233535731,0.116249031,0.09367389
6358,0.524646169,0.123507616,0.014419611,0.038797284,0.125020837,0,0.02884338,0.0550523,0,0.154363026,0.220642314,0.106007067,0,0.164145855,0,0.564878798,0.065399168,0,0.004756243,0.01530339,0,0.166577109,0.578452639,0.391172349,0.187290106,0.143633298
6378,0.146412884,0.137230685,0,0.116391853,0,0.558622503,0.115373522,0,0,0.245164805,0.159352783,0,0,0.046898816,0,0.186464846,0,0.108677479,0.080856124,0.099472033,0,0.075228372,0.379609544,0.058383933,0,0.137388372
6379,0.1159102,0.068615342,0.014419611,0.116391853,0,0.420609884,0.086530141,0,0,0.245164805,0.147094876,0.005047956,0,0.070348224,0,0.230338927,0,0.050158836,0.142687277,0.076516949,0,0.064481462,0.361532899,0.140121439,0.012916559,0.149878224
6380,0.170815032,0.096061479,0,0.122858067,0,0.538906414,0.124987982,0,0,0.217924271,0.13483697,0,0,0.070348224,0,0.186464846,0,0.117037285,0.161712247,0.153033897,0.007939028,0.059108006,0.451916124,0.081737506,0.00645828,0.174857928
6381,0.140312347,0.123507616,0,0.06466214,0,0.552050473,0.086530141,0,0,0.163443203,0.128708017,0.005047956,0,0.05862352,0,0.241307448,0,0.091957867,0.123662307,0.137730507,0,0.096722192,0.271149675,0.140121439,0.012916559,0.09367389
6399,0.176915569,0.150953753,0.014419611,0.181053993,0,0.650630915,0.153831362,0,0,0.208844093,0.202255455,0,0,0.093797632,0,0.246791708,0,0.108677479,0.14744352,0.099472033,0,0.118216013,0.307302965,0.128444652,0.019374839,0.256041966
6402,0.207418253,0.068615342,0,0.058195926,0,0.604626709,0.057686761,0,0,0.163443203,0.226771267,0,0,0.046898816,0,0.153559285,0,0.150476509,0.123662307,0.061213559,0,0.053734551,0.25307303,0.099252686,0.025833118,0.137388372
6421,0.201317716,0.123507616,0,0.129324281,0,0.676919033,0.086530141,0.005004755,0,0.172523381,0.159352783,0,0.005670863,0.023449408,0,0.257760228,0,0.142116703,0.118906064,0.114775423,0,0.123589468,0.469992769,0.128444652,0.032291398,0.18734778
6422,0.2318204,0.164676822,0.014419611,0.232783705,0,1.366982124,0.249975964,0,0.016155089,0.444928721,0.275802893,0,0,0.199319967,0,0.438740814,0,0.192275539,0.304399524,0.244854235,0,0.182697474,0.723065799,0.251050911,0.032291398,0.412165116
6441,0.244021474,0.082338411,0,0.193986421,0,0.801787592,0.144216902,0,0,0.390447653,0.189997548,0,0,0.046898816,0,0.252275968,0,0.117037285,0.18549346,0.068865254,0,0.118216013,0.578452639,0.169313405,0.00645828,0.21857241
6443,0.237920937,0.164676822,0,0.187520207,0,0.887223975,0.201903663,0,0,0.345046763,0.330963471,0.010095911,0,0.093797632,0,0.334539871,0,0.192275539,0.237812128,0.175988982,0,0.145083289,0.524222704,0.116767865,0.019374839,0.256041966
6455,0.189116642,0,0,1.286776592,0,0,0,0.835794004,0,0.009080178,0.600637411,0,0.856300329,0,0.021017234,0,0.009342738,0.535027587,0.004756243,0,0.992378533,0.306286943,0,0.758991126,0.00645828,0.493349154
6458,0.219619327,0,0,0.885871322,0,0,0,0.605575297,0,0,0.410639863,0,0.731541341,0,0,0,0.009342738,0.376191272,0,0,1.040012702,0.161203654,0,0.490425035,0,0.43714482
6471,0.030502684,0,0,0.575493049,0,0,0,0.460437416,0,0,0.281931846,0,0.368606102,0,0,0,0,0.234074569,0.004756243,0,0.531914894,0.155830199,0,0.332788417,0,0.212327484
6472,0.109809663,0,0,0.666020045,0,0,0,0.425404134,0,0,0.337092425,0,0.413973007,0.011724704,0,0,0,0.292593212,0,0,0.603366148,0.123589468,0,0.391172349,0,0.256041966
6490,0.109809663,0,0,0.704817329,0,0,0,0.435413643,0,0,0.361608237,0,0.470681638,0.011724704,0,0,0.009342738,0.292593212,0,0.007651695,0.627183233,0.075228372,0,0.37365717,0,0.262286892
6491,0.091508053,0,0,0.446168768,0,0,0,0.390370852,0,0,0.281931846,0,0.306226608,0,0,0,0,0.158836315,0,0,0.611305176,0.118216013,0,0.309434844,0,0.18734778
6492,0.079306979,0,0,0.536695765,0,0,0,0.305290026,0,0,0.171610689,0,0.32891006,0,0,0,0.004671369,0.242434376,0,0,0.357256272,0.102095648,0,0.245212518,0,0.181102854
6507,0.085407516,0,0,0.627222761,0,0,0,0.570542015,0,0,0.263544987,0,0.41964387,0,0,0,0,0.192275539,0,0.007651695,0.611305176,0.134336378,0,0.443717889,0,0.24979704
6509,0.085407516,0,0,0.995796961,0,0,0,0.630599069,0,0,0.514832067,0,0.714528751,0,0,0,0.004671369,0.376191272,0.004756243,0,0.873293109,0.225685116,0,0.531293788,0,0.28102167
6530,0.085407516,0,0,0.472033624,0,0,0,0.235223462,0,0.009080178,0.257416033,0,0.232505387,0,0,0,0,0.150476509,0,0,0.460463639,0.069854917,0,0.274404484,0,0.12489852
6531,0.122010737,0,0,0.911736178,0,0,0,0.480456434,0,0,0.306447659,0,0.465010775,0,0,0,0.004671369,0.326032436,0,0,0.508097809,0.166577109,0,0.414525922,0,0.443389746
6532,0.109809663,0,0,0.478499838,0,0,0,0.295280516,0,0,0.300318706,0,0.311897471,0,0,0,0.004671369,0.234074569,0,0,0.516036837,0.118216013,0,0.274404484,0,0.193592706
6550,0.061005368,0,0,0.381506628,0,0,0,0.265251989,0,0,0.183868595,0,0.243847114,0,0,0,0,0.150476509,0,0,0.373134328,0.080601827,0,0.262727697,0,0.137388372
6551,0.103709126,0,0,0.646621403,0,0,0,0.395375607,0,0,0.239029174,0,0.413973007,0,0,0,0,0.217354957,0,0,0.420768498,0.112842558,0,0.402849136,0,0.21857241
6572,0.1159102,0,0,0.730682186,0,0,0,0.455432661,0,0.018160356,0.619024271,0,0.555744584,0,0,0,0.004671369,0.31767263,0.004756243,0,0.635122261,0.128962923,0,0.443717889,0,0.206082558
6574,0.073206442,0,0,0.7371484,0,0,0,0.440418397,0,0,0.52096102,0,0.41964387,0,0,0,0.004671369,0.284233406,0,0.007651695,0.817719911,0.118216013,0,0.461233069,0,0.28102167
6588,0.09760859,0,0,0.750080828,0,0,0,0.530503979,0,0.009080178,0.416768816,0,0.465010775,0,0,0,0,0.292593212,0,0,0.770085742,0.19881784,0,0.502101822,0,0.237307188
6590,0.176915569,0,0,1.383769803,0,0,0,0.98593664,0,0.009080178,0.815150772,0,0.918679823,0,0,0,0,0.610265842,0.004756243,0,1.119402985,0.268672757,0,0.6947688,0,0.543308562
6607,0.079306979,0,0.302811824,0,0,0,0,0,0.096930533,0,0,0,0.277872292,0,0.294241278,0,0.051385061,0,0,0.214247456,0,0,0.198843095,0.332788417,0.148540429,0.299756448
6608,0.073206442,0,0.692141312,0,0,0,0,0,0.201938611,0,0.006128953,0,0.41964387,0,0.588482556,0,0.065399168,0,0,0.344326268,0,0,0.32537961,0.490425035,0.187290106,0.630737526
6611,0.1159102,0,0.749819755,0,0,0,0,0,0.363489499,0.027240534,0,0,0.833616876,0,1.113913409,0,0.149483814,0,0,0.466753386,0.007939028,0.005373455,0.614605929,0.986688463,0.329372255,0.861799788
6623,0.061005368,0,0.605623648,0,0,0,0,0,0.34733441,0,0,0,0.544402858,0,0.861706599,0,0.177512029,0,0,0.382584743,0,0.005373455,0.415762834,0.618869687,0.419788168,0.730656342
6627,0.073206442,0,0.447007931,0,0,0,0,0,0.177705977,0,0,0,0.260859703,0,0.546448087,0,0.065399168,0,0,0.23720254,0,0,0.25307303,0.274404484,0.206664944,0.337226004
6645,0.555148853,0.850830246,1.110310022,0.161655351,1.466911152,0.341745531,1.2787232,0.730694159,1.567043619,0.889857441,0.40451091,1.327612317,0.629465805,1.406964474,0.525430853,0.614237139,1.504180875,0.886139442,1.398335315,1.346698294,0.563671007,1.117678667,0.542299349,0.256889304,1.343322139,0.6244926
6646,0.341630063,0.507753534,0.63446287,0.06466214,0.541756959,0.184016824,0.490337468,0.345328062,1.001615509,0.508489966,0.257416033,0.65118627,0.374276965,0.715206941,0.294241278,0.32357135,0.780118653,0.417990303,0.713436385,0.596832198,0.246109876,0.521225148,0.126536515,0.134283045,0.561870318,0.349715856
6664,0.250122011,0.17839989,0.302811824,0.09699321,0.433405568,0.092008412,0.394192866,0.260247235,0.476575121,0.227004449,0.171610689,0.393740535,0.277872292,0.668308125,0.336275746,0.219370407,0.429765964,0.2758736,0.461355529,0.428494912,0.150841537,0.365394949,0.054229935,0.128444652,0.381038491,0.15612315
6665,0.32942899,0.397968986,0.620043259,0.084060782,0.783463911,0.144584648,0.682626671,0.385366098,0.751211632,0.481249432,0.183868595,0.807672892,0.345922649,0.492437566,0.399327449,0.416803773,0.766104545,0.426350109,0.623067776,0.612135588,0.277865989,0.564212789,0.18076645,0.198505371,0.723327306,0.299756448
6691,0.646656906,1.152737752,1.153568854,0.161655351,1.39189865,0.328601472,1.240265359,0.83078925,1.445880452,0.853536729,0.527089973,1.479050984,0.83928774,0.44553875,0.735603195,0.773280684,1.471481291,0.869419829,1.231866825,1.377305073,0.619244205,0.977968834,0.415762834,0.262727697,1.311030741,0.512083932
6692,0.384333821,0.562645808,0.749819755,0.06466214,0.616769462,0.111724501,0.538409768,0.480456434,0.84006462,0.58113139,0.214513361,0.74204947,0.442327322,0.269668191,0.25220681,0.433256554,0.878217406,0.401270691,0.7039239,0.573877114,0.293744046,0.553465879,0.162689805,0.157636618,0.613536554,0.37469556
6693,0.268423621,0.603815013,0.533525595,0.116391853,0.483413902,0.098580442,0.528795308,0.435413643,0.735056543,0.463089077,0.226771267,0.605754669,0.40263128,0.152421151,0.35729298,0.31260283,0.752090438,0.300953018,0.623067776,0.581528809,0.246109876,0.526598603,0.14461316,0.116767865,0.619994833,0.28102167
6718,0.134211811,0.219569096,0.346070656,0.071128354,0.300050008,0.039432177,0.317277185,0.200190181,0.460420032,0.236084627,0.140965923,0.212014134,0.187138482,0.093797632,0.168137873,0.148075025,0.34100995,0.158836315,0.271105826,0.290764404,0.119085424,0.247178936,0.03615329,0.058383933,0.27124774,0.12489852
6719,0.176915569,0.301907507,0.403749099,0.077594568,0.358393066,0.105152471,0.326891645,0.160152145,0.56542811,0.254244983,0.13483697,0.378596668,0.23817625,0.093797632,0.147120639,0.170012065,0.471808287,0.200635345,0.309155767,0.336674573,0.127024452,0.338527673,0.126536515,0.099252686,0.342288814,0.131143446
6720,0.158613958,0.164676822,0.288392213,0.019398642,0.200033339,0.052576236,0.288433804,0.150142636,0.34733441,0.227004449,0.079676391,0.297829379,0.158784167,0.082072928,0.105086171,0.093232423,0.303638997,0.158836315,0.214030916,0.214247456,0.095268339,0.182697474,0.14461316,0.03503036,0.335830535,0.09367389
6722,0.109809663,0.164676822,0.187454939,0.025864856,0.241706951,0.013144059,0.259590424,0.130123617,0.363489499,0.181603559,0.079676391,0.222110045,0.153113304,0.05862352,0.126103405,0.120653724,0.256925305,0.100317673,0.242568371,0.25250593,0.087329311,0.193444385,0.07230658,0.058383933,0.277706019,0.106163742
6724,0.158613958,0.219569096,0.259552992,0.038797284,0.383397233,0.078864353,0.298048265,0.175166408,0.363489499,0.272405339,0.13483697,0.257445734,0.170125893,0.093797632,0.189155107,0.142590765,0.359695427,0.158836315,0.275862069,0.25250593,0.13496348,0.241805481,0.10845987,0.03503036,0.322913976,0.174857928
6747,0.146412884,0.233292164,0.288392213,0.03233107,0.308384731,0.078864353,0.240361504,0.235223462,0.339256866,0.254244983,0.13483697,0.373548713,0.153113304,0.340016415,0.210172341,0.142590765,0.336338581,0.250794182,0.356718193,0.313719489,0.087329311,0.19881784,0.162689805,0.099252686,0.284164299,0.193592706
6748,0.372132748,0.658707287,0.793078587,0.09699321,0.708451409,0.151156677,0.605710989,0.435413643,0.872374798,0.444928721,0.288060799,0.797576981,0.391289554,0.715206941,0.441361917,0.531973237,0.808146868,0.392910884,0.718192628,0.811079654,0.3651953,0.542718968,0.379609544,0.128444652,0.619994833,0.424654968
6750,0.103709126,0.164676822,0.158615717,0.038797284,0.241706951,0.046004206,0.173060283,0.160152145,0.274636511,0.163443203,0.055160579,0.242301868,0.136100715,0.246218783,0.168137873,0.109685203,0.247582566,0.117037285,0.252080856,0.168337287,0.158780565,0.150456744,0.07230658,0.052545539,0.154998708,0.099918816
6770,0.408735969,0.686153424,0.807498198,0.116391853,0.825137523,0.177444795,0.67301221,0.430408888,0.872374798,0.562971034,0.306447659,0.716809692,0.504706816,0.621409309,0.35729298,0.361961171,0.892231513,0.509948169,0.741973841,0.635090673,0.301683074,0.574959699,0.28922632,0.157636618,0.729785585,0.299756448
6771,0.274524158,0.45286126,0.562364816,0.038797284,0.575095849,0.059148265,0.509566388,0.350332816,0.670436187,0.363207119,0.153223829,0.474507824,0.277872292,0.457263454,0.25220681,0.279697269,0.602606624,0.384551078,0.55648038,0.321371184,0.214353763,0.521225148,0.162689805,0.099252686,0.464996125,0.212327484
6772,0.390434358,0.562645808,0.562364816,0.148722923,0.675112519,0.105152471,0.65378329,0.470446925,0.84006462,0.426768365,0.312576612,0.69661787,0.476352501,1.031773948,0.273224044,0.32905561,0.789461391,0.468149139,0.818073722,0.703955926,0.214353763,0.60720043,0.126536515,0.140121439,0.703952467,0.387185412
6797,0.225719863,0.439138191,0.273972603,0.06466214,0.300050008,0.092008412,0.499951928,0.265251989,0.508885299,0.263325161,0.11645011,0.494699647,0.260859703,0.480712862,0.25220681,0.285181529,0.415751857,0.234074569,0.55648038,0.382584743,0.150841537,0.392262225,0.090383225,0.058383933,0.523120641,0.199837632
6798,0.305026842,0.562645808,0.591204037,0.084060782,0.575095849,0.072292324,0.528795308,0.325309044,0.823909532,0.363207119,0.245158127,0.509843513,0.413973007,0.680032829,0.25220681,0.340024131,0.588592516,0.392910884,0.66587396,0.52031525,0.317561131,0.483610962,0.234996385,0.075899113,0.516662361,0.299756448
6799,0.146412884,0.150953753,0.230713771,0.03233107,0.208368061,0.032860147,0.192289203,0.115109354,0.282714055,0.127122492,0.067418485,0.166582534,0.113417262,0.246218783,0.126103405,0.104200943,0.182183398,0.125397091,0.237812128,0.168337287,0.063512226,0.161203654,0.054229935,0.01751518,0.213123224,0.09367389
6801,0.103709126,0.247015233,0.158615717,0.051729712,0.183363894,0.046004206,0.211518123,0.085080827,0.331179321,0.181603559,0.049031625,0.242301868,0.079392083,0.175870559,0.168137873,0.104200943,0.275610782,0.083598061,0.228299643,0.183640676,0.04763417,0.150456744,0.054229935,0.087575899,0.251872901,0.106163742
6802,0.195217179,0.288184438,0.43258832,0.045263498,0.325054176,0.046004206,0.355735025,0.170161654,0.468497577,0.263325161,0.13483697,0.287733468,0.187138482,0.234494079,0.210172341,0.126137984,0.280282151,0.267513794,0.33293698,0.306067794,0.127024452,0.225685116,0.090383225,0.052545539,0.361663653,0.12489852
6821,0.280624695,0.494030465,0.447007931,0.084060782,0.391731955,0.11829653,0.403807326,0.360342325,0.726978998,0.544810678,0.140965923,0.474507824,0.391289554,0.340016415,0.189155107,0.279697269,0.593263886,0.351111854,0.513674197,0.459101691,0.174658622,0.429876411,0.21691974,0.081737506,0.445621286,0.24979704
6822,0.219619327,0.301907507,0.418168709,0.058195926,0.450075013,0.11829653,0.499951928,0.335318553,0.557350565,0.299645873,0.13483697,0.328117113,0.23817625,0.187595263,0.063051702,0.279697269,0.476479656,0.2758736,0.508917955,0.374933048,0.18259765,0.386888769,0.14461316,0.128444652,0.426246448,0.162368076
6824,0.183016105,0.370522849,0.331651045,0.045263498,0.500083347,0.105152471,0.326891645,0.245232971,0.500807754,0.326886407,0.104192204,0.408884402,0.243847114,0.38691523,0.147120639,0.252275968,0.411080488,0.267513794,0.33293698,0.298416099,0.142902509,0.349274584,0.090383225,0.081737506,0.426246448,0.162368076
6825,0.189116642,0.137230685,0.201874549,0.058195926,0.258376396,0.085436383,0.230747044,0.105099845,0.371567044,0.163443203,0.079676391,0.287733468,0.130429851,0.234494079,0.126103405,0.104200943,0.266268043,0.200635345,0.256837099,0.183640676,0.087329311,0.150456744,0.07230658,0.052545539,0.258331181,0.143633298
6827,0.109809663,0.150953753,0.21629416,0.051729712,0.175029172,0.059148265,0.124987982,0.110104599,0.201938611,0.09080178,0.024515813,0.156486623,0.068050357,0.140696447,0.063051702,0.093232423,0.17284066,0.066878448,0.156956005,0.160685592,0.103207367,0.145083289,0.018076645,0.052545539,0.096874193,0.049959408
6850,0.32942899,0.466584328,0.576784427,0.103459425,0.566761127,0.105152471,0.66339775,0.405385116,0.670436187,0.390447653,0.220642314,0.737001514,0.41964387,0.187595263,0.35729298,0.290665789,0.710048115,0.59354623,0.570749108,0.566225419,0.206414735,0.462117141,0.25307303,0.169313405,0.452079566,0.287266596
6852,0.384333821,0.397968986,0.692141312,0.129324281,0.716786131,0.098580442,0.567253149,0.41038987,0.775444265,0.308726051,0.171610689,0.691569914,0.323239197,0.175870559,0.25220681,0.32905561,0.710048115,0.451429527,0.623067776,0.497360165,0.222292791,0.515851693,0.14461316,0.145959832,0.703952467,0.37469556
6853,0.262323084,0.45286126,0.418168709,0.077594568,0.400066678,0.138012618,0.394192866,0.265251989,0.557350565,0.272405339,0.165481736,0.429076224,0.23817625,0.070348224,0.294241278,0.180980586,0.429765964,0.225714763,0.380499405,0.390236437,0.158780565,0.360021494,0.126536515,0.093414292,0.413329889,0.174857928
6854,0.250122011,0.301907507,0.302811824,0.06466214,0.391731955,0.085436383,0.384578406,0.240228217,0.525040388,0.236084627,0.098063251,0.449268046,0.23817625,0.199319967,0.378310214,0.180980586,0.425094595,0.242434376,0.328180737,0.283112709,0.150841537,0.338527673,0.162689805,0.099252686,0.5360372,0.18734778
6876,0.433138116,0.713599561,0.605623648,0.116391853,0.783463911,0.151156677,0.682626671,0.500475452,0.961227787,0.608371924,0.306447659,0.762241292,0.49336509,0.140696447,0.273224044,0.378413952,0.920259728,0.59354623,0.751486326,0.895248297,0.325500159,0.601826975,0.18076645,0.233535731,0.813743219,0.362205708
6877,0.32942899,0.535199671,0.490266763,0.103459425,0.583430572,0.138012618,0.471108547,0.350332816,0.84006462,0.345046763,0.202255455,0.636042403,0.430985596,0.128971743,0.336275746,0.263244488,0.696034008,0.2758736,0.637336504,0.543270334,0.293744046,0.505104782,0.18076645,0.093414292,0.639369672,0.268531818
6878,0.122010737,0.096061479,0.21629416,0.025864856,0.191698616,0.026288118,0.182674743,0.140133126,0.306946688,0.163443203,0.042902672,0.237253912,0.147442441,0.082072928,0.084068937,0.076779642,0.238239828,0.091957867,0.20451843,0.175988982,0.04763417,0.166577109,0.07230658,0.064222326,0.213123224,0.106163742
6881,0.146412884,0.247015233,0.245133381,0.025864856,0.266711119,0.046004206,0.288433804,0.145137881,0.306946688,0.199763915,0.049031625,0.222110045,0.113417262,0.035174112,0.25220681,0.142590765,0.308310366,0.125397091,0.252080856,0.313719489,0.079390283,0.18807093,0.126536515,0.046707146,0.226039783,0.106163742
6903,0.506344558,0.411692054,0.576784427,0.09699321,0.783463911,0.124868559,0.63455437,0.500475452,0.888529887,0.58113139,0.26967394,0.797576981,0.430985596,0.211044671,0.315258512,0.361961171,0.784790022,0.518307975,0.732461356,0.619787283,0.261987933,0.634067706,0.28922632,0.186828585,0.691035908,0.40592019
6904,0.2318204,0.370522849,0.43258832,0.084060782,0.541756959,0.151156677,0.490337468,0.295280516,0.678513732,0.463089077,0.147094876,0.620898536,0.351593513,0.105522336,0.399327449,0.268728748,0.630634839,0.292593212,0.551724138,0.512663555,0.174658622,0.472864052,0.21691974,0.128444652,0.464996125,0.231062262
6906,0.109809663,0.233292164,0.288392213,0.025864856,0.283380563,0.039432177,0.259590424,0.150142636,0.298869144,0.181603559,0.098063251,0.237253912,0.187138482,0.05862352,0.084068937,0.164527805,0.261596674,0.142116703,0.275862069,0.25250593,0.095268339,0.20956475,0.054229935,0.023353573,0.213123224,0.118653594
6922,0.219619327,0.27446137,0.259552992,0.058195926,0.366727788,0.059148265,0.307662725,0.135128372,0.476575121,0.272405339,0.171610689,0.43412418,0.187138482,0.140696447,0.126103405,0.213886147,0.392395011,0.234074569,0.399524376,0.290764404,0.095268339,0.333154218,0.10845987,0.087575899,0.426246448,0.149878224
6923,0.134211811,0.192122959,0.21629416,0.077594568,0.258376396,0.059148265,0.221132583,0.145137881,0.355411955,0.127122492,0.11645011,0.318021201,0.170125893,0.070348224,0.147120639,0.142590765,0.298967627,0.117037285,0.252080856,0.25250593,0.127024452,0.236432026,0.018076645,0.075899113,0.290622578,0.087428964
6925,0.067105905,0.082338411,0.144196107,0.019398642,0.125020837,0.032860147,0.096144601,0.085080827,0.193861066,0.118042314,0.067418485,0.17163049,0.056708631,0.011724704,0.105086171,0.049358342,0.163497921,0.066878448,0.156956005,0.137730507,0.039695141,0.107469103,0.054229935,0.046707146,0.122707311,0.068694186
6927,0.091508053,0.123507616,0.144196107,0.012932428,0.225037506,0.046004206,0.153831362,0.145137881,0.193861066,0.163443203,0.061289532,0.176678445,0.147442441,0.023449408,0.084068937,0.071295382,0.22889709,0.100317673,0.14744352,0.091820338,0.079390283,0.171950564,0.018076645,0.029191966,0.116249031,0.137388372
6968,0.591752074,0.137230685,0.014419611,0.051729712,0.183363894,0,0,0.075071318,0,0.072641424,0.318705565,0.116102978,0,0.140696447,0,0.537457497,0.046713692,0,0.004756243,0.076516949,0,0.139709833,0.343456255,0.291919664,0.161456988,0.112408668
6970,0.384333821,0.068615342,0,0.025864856,0.100016669,0,0,0.085080827,0.008077544,0.09080178,0.294189752,0.106007067,0,0.128971743,0,0.62520566,0.037370953,0,0,0.076516949,0,0.18807093,0.343456255,0.291919664,0.13562387,0.231062262
6972,0.89067838,0.35679978,0,0.045263498,0.208368061,0,0.01922892,0.110104599,0,0.145282848,0.490316254,0.17163049,0,0.281392895,0,0.866513107,0.121455599,0,0,0.061213559,0,0.171950564,0.488069414,0.397010743,0.251872901,0.212327484
6987,0.408735969,0.17839989,0,0.045263498,0.133355559,0,0,0.0550523,0.008077544,0.154363026,0.318705565,0.116102978,0.005670863,0.128971743,0,0.581331578,0.05605643,0,0,0.007651695,0,0.150456744,0.343456255,0.256889304,0.180831826,0.181102854
6988,1.02489019,0.288184438,0,0.071128354,0.291715286,0,0.02884338,0.15514739,0.016155089,0.308726051,0.698700662,0.227158001,0,0.422089342,0,1.179115937,0.140141075,0,0.004756243,0,0.007939028,0.268672757,0.903832249,0.671415227,0.335830535,0.349715856
6989,0.402635432,0.150953753,0,0.025864856,0.108351392,0,0.00961446,0.065061809,0,0.199763915,0.202255455,0.080767289,0,0.152421151,0,0.537457497,0.051385061,0,0,0,0,0.161203654,0.343456255,0.274404484,0.148540429,0.112408668
7016,0.500244021,0.150953753,0,0.045263498,0.116686114,0,0.00961446,0.060057054,0.016155089,0.208844093,0.36773719,0.121150934,0.005670863,0.11724704,0.021017234,0.570363058,0.05605643,0,0,0,0,0.155830199,0.542299349,0.414525922,0.161456988,0.199837632
7018,0.713762811,0.247015233,0.014419611,0.019398642,0.208368061,0,0.02884338,0.10009509,0,0.199763915,0.478058348,0.151438667,0,0.257943487,0,0.888450148,0.074741907,0,0,0.01530339,0,0.252552391,0.433839479,0.443717889,0.355205373,0.212327484
7048,0.323328453,0.068615342,0,0.045263498,0.100016669,0,0.01922892,0.060057054,0,0.108962136,0.208384408,0.106007067,0,0.05862352,0,0.427772294,0.018685477,0,0.004756243,0.007651695,0,0.118216013,0.234996385,0.280242877,0.116249031,0.081184038
7053,0.439238653,0.068615342,0,0.051729712,0.100016669,0,0.00961446,0.040038036,0,0.099881958,0.312576612,0.106007067,0,0.082072928,0,0.548426017,0.051385061,0,0,0.007651695,0,0.166577109,0.343456255,0.221858944,0.187290106,0.112408668
7081,0.152513421,0.343076712,0.187454939,0.025864856,0.37506251,0.085436383,0.317277185,0.175166408,0.444264943,0.254244983,0.091934298,0.292781424,0.170125893,0.105522336,0.126103405,0.175496326,0.411080488,0.150476509,0.380499405,0.260157625,0.111146396,0.263299301,0.162689805,0.110929472,0.374580212,0.118653594
7082,0.073206442,0.137230685,0.115356885,0.03233107,0.200033339,0.019716088,0.115373522,0.125118863,0.210016155,0.081721602,0.091934298,0.136294801,0.068050357,0.035174112,0.25220681,0.065811122,0.17284066,0.058518642,0.133174792,0.153033897,0.039695141,0.145083289,0.018076645,0.052545539,0.122707311,0.049959408
7101,0.366032211,0.082338411,0,0.019398642,0.100016669,0,0.00961446,0.0550523,0,0.081721602,0.257416033,0.065623423,0,0.11724704,0,0.290665789,0.05605643,0,0,0,0,0.107469103,0.234996385,0.297758057,0.122707311,0.074939112
7103,0.335529527,0.096061479,0,0.006466214,0.100016669,0,0.01922892,0.050047545,0,0.108962136,0.275802893,0.035335689,0,0.105522336,0,0.433256554,0.028028215,0,0.009512485,0.007651695,0,0.096722192,0.21691974,0.216020551,0.154998708,0.131143446
7118,0.451439727,0.109784548,0,0.03233107,0.141690282,0,0.02884338,0.070066563,0,0.108962136,0.318705565,0.136294801,0,0.140696447,0,0.444225074,0.079413276,0.008359806,0.004756243,0,0,0.112842558,0.25307303,0.32111163,0.174373547,0.09367389
7119,0.317227916,0.068615342,0,0.025864856,0.116686114,0,0.01922892,0.035033282,0.008077544,0.190683737,0.214513361,0.055527511,0,0.152421151,0,0.32357135,0.032699584,0,0,0,0,0.096722192,0.271149675,0.256889304,0.083957634,0.09367389